id,name,slug,description,temperament,size,energy_level,good_with_kids,training_ease,grooming_needs,barking_level,shedding_level,apartment_friendly,good_with_pets,drooling_tendency,separation_anxiety_risk,climate_suitability,noise_sensitivity,weight_min,weight_max,height_min,height_max,lifespan_min,lifespan_max,coat_type,exercise_needs,grooming,training,origin,group,breed_type,image_url,is_active,created_at,updated_at,heat_tolerance,cold_tolerance,optimal_temp_min,optimal_temp_max,parent_breed_1,parent_breed_2,generation
0004318e-b105-4ea2-9730-49aff2a367fd,Great Pyrenees,great-pyrenees,"Picture a cloud that decided to become a dog and take up mountain rescue work. Great Pyrenees are magnificent white guardians who look like they stepped out of a fairy tale about noble mountain spirits. These independent souls were bred to make life-or-death decisions while protecting sheep in the Pyrenees mountains, which explains why they're not particularly interested in your opinion about when to come inside. They're nocturnal barkers who consider 2 AM the perfect time for community announcements about suspicious leaves. Their double coat sheds enough to stuff pillows, and their stubborn streak runs deeper than mountain valleys. They're devoted but aloof, like having a wise, furry hermit who occasionally grants audiences but never quite explains their mysterious ways.","Great Pyrenees is friendly, adaptable, and full of character. They thrive in loving homes and enjoy an active, engaged lifestyle.",Giant,2,3,2,5,4,4,2,2,3,3,4,3,39,73,63,81,10,12,Double coat,Moderate to high depending on breed.,"Very high grooming needs with thick, long double coat requiring daily brushing during shedding seasons","Mountain guardians who'll learn selectively, preferring commands that align with livestock protection duties.",France,Working,purebred,,true,2025-11-21 06:05:02.919583+00,2026-02-20 23:08:38.89079+00,2,5,-30,20,,,
011cfda0-27cb-4801-bddf-bc69c13194f6,Border Terrier,border-terrier,"Picture a scruffy teddy bear that moonlights as a farmyard bouncer. These compact charmers look like they've been styled by a hedge trimmer but possess hearts bigger than their modest frames. Originally bred to follow foxhunts on foot, Border Terriers are the working-class heroes of the terrier world ? tough enough to handle business but sweet enough to curl up on your sofa afterward. Their weather-resistant coats and otter-like heads give them an endearingly rumpled appearance, like they've just rolled out of bed but are ready for adventure. They're remarkably even-tempered for terriers, though they'll still cheerfully evict any rodents from your property. Perfect for families wanting a dog with terrier spunk minus the typical terrier attitude problems. Low-maintenance but high-reward companions.","Hardy, affectionate, and always ready for action. Great with active families.",Small,4,3,2,3,4,3,3,3,1,3,4,3,5,7,28,40,13,15,Wire coat,"Requires 45-60 minutes of daily activity, mixing brisk walks with energetic play.",Low to moderate grooming needs with wiry coat requiring weekly brushing and occasional hand-stripping,"Workmanlike learners who approach training like a honest day's job - no fuss, just results.",United Kingdom,Terrier,purebred,,true,2025-11-21 06:04:50.462026+00,2026-01-17 02:12:21.301237+00,3,3,0,28,,,
01393b08-619d-479c-ac09-5b28c527e563,Saint Berdoodle,saint-berdoodle,"The Saint Berdoodle is essentially a living, breathing teddy bear that somehow learned to open doors and steal hearts. This Saint Bernard-Poodle cross combines the rescue dog's legendary gentleness with the Poodle's intelligence, creating a giant who believes their job is being everyone's best friend and occasional therapy dog. They're the gentle giants of the dog world, possessing an almost supernatural patience with children and an uncanny ability to sense when someone needs a 40-kilogram hug. Saint Berdoodles are perfect for families who want a substantial dog with a heart even bigger than their substantial appetite. They inherit the Saint Bernard's laid-back nature but thankfully often get the Poodle's reduced drooling genes. These curly-coated ambassadors turn every walk into a meet-and-greet session, assuming every human they encounter is just a friend they haven't officially met yet. Fair warning: they may try to be lap dogs despite clear evidence to the contrary.","Gentle, patient, friendly; excellent with children; calm temperament; may drool; protective but not aggressive; easy-going.",Giant,4,5,3,4,2,3,3,5,3,2,2,1,27,68,61,76,8,12,Wavy to curly coat,"Moderate, enjoys walks but not overly demanding; adaptable to owner's activity level.",High maintenance; requires regular brushing; professional grooming needed; drool management.,Intelligent and eager to please; gentle training methods work best; learns steadily.,USA,Crossbreed,purebred,,true,2025-11-21 06:04:49.537796+00,2026-02-20 23:08:38.89079+00,3,3,0,28,,,
0280984f-5197-4972-8fd1-18da1c9cea38,Norfolk Terrier,norfolk-terrier,"The Norfolk Terrier might be one of the smallest terriers around, but don't let the compact size fool you this little scrapper was bred to pull his weight in the rough fields of East Anglia. Picture Victorian-era farmers with rat problems, fox problems, and pretty much every small-and-fast animal problem, and you'll understand why the Norfolk was developed: to dive headfirst into burrows and chase out troublemakers. Not bad for a dog that barely tips the scales heavier than a full kettle. Originally lumped in with the Norwich Terrier, the Norfolk only got its own official identity in the 1960s. The key difference? Ears. The Norfolk sports folded, ""dropped"" ears, while his Norwich cousins stick theirs upright like aerials tuned to BBC Radio. Same body, same job, but the Norfolk looks like he's perpetually mid-nap, while the Norwich is always on high alert. Despite their farm-dog heritage, Norfolk Terriers quickly discovered that couches and rugs were easier than hay bales and hedgerows. These days you'll find them more often navigating suburban gardens than English fields, though the instincts remainleave them alone in your backyard and every rat, mouse, and possum will be served an eviction notice and hunted. Temperament-wise, they're classic terriers: bold, independent, and cheeky enough to make you question who's running the household. Yet they're also surprisingly affectionate for the breed group, often nicknamed ""demon in the field, angel in the house."" They don't yap like some toy breeds, but you can expect sharp opinions delivered if the postie dares to walk past. Training is best done with patience, humour, and the occasional bribe (treats work better than lectures). A lovely little dog, and a perfect companion. The Norfolk's wiry coat is low-shedding and fairly low-maintenance, though it benefits from the occasional hand-strip to keep it tidy. Health-wise, they're hardy little things, designed to withstand the British countryside's damp and mud, so most live long, spry lives well into their teens. Ultimately, owning a Norfolk Terrier is like hiring a pint-sized farmhand who thinks he's management. They'll keep pests down, keep you laughing, and remind you that big character doesn't need a big frame. They're not just dogs; they're East Anglian history with a wagging tail.",Friendly and loyal companion,Small,4,4,2,3,4,4,3,3,1,3,4,3,4,5,24,25,13,15,"A double coat: a harsh, wiry topcoat and a soft, warm undercoat","They need a considerable amount of exercise for little dogs, an hour or two a day especially as puppies.",Their wiry coat requiring weekly brushing and occasional hand-stripping.,Compact workers who learn steadily and will start ordering you around.,United Kingdom,Terrier,purebred,,true,2025-11-21 06:04:40.24602+00,2026-01-17 02:12:21.301237+00,2,4,10,30,,,
03ae65b1-ac91-418b-842c-daf03123c773,Gollie,gollie,"The Gollie is what happens when a Golden Retrievers sunny outlook collides with a Border Collies brainpower. At 2334kg and 5171cm at the shoulder, youre not dealing with a lap dog; youre dealing with a fourlegged athlete who will happily run all day then climb on the sofa to watch telly. They inherit the Retrievers gentle mouth and devotion, plus the Collies problemsolving skills and work ethic. This means theyll fetch your slippers on command then reorganise your sock drawer while youre not looking. They like nothing better than to solve a puzzle and herd something, so dont be surprised if they try to round up your children, visitors and the occasional cat. They need one to two hours of exercise daily and plenty of mental stimulation, otherwise theyll invent their own entertainment  usually at the expense of your shoes. Grooming is moderate; their thick coat sheds and needs regular brushing. Healthwise theyre generally robust but may inherit hip and elbow problems or eye conditions from the parent breeds, so choose a reputable breeder and keep up with vet checks. With proper training these dogs excel in obedience, agility and any job that engages their minds, but their adolescent clown phase can last until age three. In short, if youre an active family who appreciates a dog that can keep up with weekend hikes and help the kids with their maths homework, the Gollie is your kind of sidekick.","Intelligent, energetic, loyal; excellent with families; eager to please; may herd children; requires mental stimulation; friendly but alert.",Large,4,4,2,4,2,4,3,4,2,3,3,2,20,35,51,66,10,14,Medium double coat,"High, needs daily exercise and mental challenges.",Regular brushing required; seasonal shedding increases; occasional baths needed.,Highly intelligent and eager to please; responds well to positive reinforcement.,Australia/USA,Crossbreed,designer,,true,2025-11-21 06:05:06.461024+00,2026-01-17 02:12:21.301237+00,2,4,0,28,Golden Retriever,Collie,F1
045ce5b4-08d2-41ce-9f3c-73671150fc17,Pumi,pumi,"The Pumi is Hungarys lively little workhorse, instantly recognisable by its tousled curls and springy corkscrew tail. Medium-sized but bursting with energy, this herding breed thrives on action and thrives even more when given a job to do.

Originally bred to drive cattle and sheep across the Hungarian countryside, the Pumi is equal parts athlete and strategist. Quick on its feet, sharp in its mind, and endlessly enthusiastic, this is a dog that approaches every task with gustowhether its herding stock, mastering agility courses, or reorganising your household with stubborn charm.

Their expressive faces are a giveaway: one moment alert and focused, the next playful and mischievous. They form strong bonds with their families, mixing loyalty with a touch of comic relief. But dont be fooledwithout daily exercise and plenty of mental stimulation, a bored Pumi will invent its own entertainment, and you might not approve of the results.

Moderately vocal, they make natural watchdogs, their sharp barks carrying further than youd expect. Training, though, is essential to channel that voice and their bustling energy into something useful. Handled well, theyre brilliant companions: clever, agile, and spirited to the core.

For owners who enjoy a dog thats as active in mind as in body, the Pumi is a whip-smart partner with a Hungarian twistproof that good things really do come in curly packages.","Energetic, intelligent and loyal companion with a strong herding instinct",Medium,4,3,2,3,4,4,3,3,2,3,3,3,8,15,38,47,12,13,Double,High exercise needs with daily physical and mental stimulation required,Moderate grooming needs with distinctive curly coat requiring regular brushing and professional trimming every 4-6 months,"Quick learners with strong work ethic, responding well to positive reinforcement training",Hungary,Herding,purebred,,true,2025-11-21 06:04:40.625948+00,2026-02-20 23:08:38.89079+00,2,4,0,28,,,
047ac754-c32c-4635-baae-b2cc08c667b1,Chinese Crested,chinese-crested,"The dog equivalent of a punk rock star who forgot their shirt. These hairless beauties (with powderpuff variety exceptions) sport mohawk-style crests and feathery feet that make them look like they're perpetually ready for a concert. Their warm, soft skin feels surprisingly pleasant, though they require sunscreen and sweaters like high-maintenance supermodels. Graceful and cat-like in movement, they're elegant athletes who can leap tall furniture in single bounds. Affectionate with their families but reserved with strangers, they're excellent judges of character who'll politely ignore people they don't fancy. Their lack of fur means less shedding but more climate control concerns. Perfect for those wanting an unusual, devoted companion who doubles as a living, breathing conversation starter.","Playful, affectionate, and delightfully quirky. Thrives on human attention and loves being pampered.",Small,2,3,3,3,3,3,3,3,1,3,2,3,2,5,23,33,13,18,Smooth coat,"Requires 30?45 minutes of light exercise daily, such as short walks and gentle play.",Low grooming needs for hairless variety with skin care; moderate needs for powderpuff variety requiring regular brushing,Elegant and sensitive learners who prefer gentle training with minimal harsh critiques of their performance.,China,Toy,purebred,,true,2025-11-21 06:05:03.970724+00,2026-02-20 23:08:38.89079+00,3,2,5,28,,,
04934973-114b-47d1-b24d-b004faca5b2b,Pointer (English),pointer-english,"Meet the canine equivalent of a living compass, programmed to find birds with the precision of GPS and the subtlety of a statue garden. These athletic aristocrats freeze mid-stride like they've been paused by a remote control, one paw raised, tail straight, creating living lawn ornaments that occasionally remember to breathe. Originally bred to point game birds for hunters, they approach life with laser focus interrupted by moments of spectacular goofiness. Their noble expressions hide minds that oscillate between """"intense bird detection mode"""" and """"did someone say dinner?"""" They're gentle giants who think they're lap dogs, often found draped across furniture with zero awareness of their considerable size. Perfect for active families who appreciate dogs that take their jobs seriously but clock out for belly rubs.","Pointer is friendly, adaptable, and full of character. They thrive in loving homes and enjoy an active, engaged lifestyle.",Large,5,3,2,3,2,4,3,3,3,3,4,3,20,34,61,69,12,17,Double coat,Moderate to high depending on breed.,"Low grooming needs with short, dense coat requiring weekly brushing",Bird specialists who learn eagerly but get distracted by anything that might be concealing game birds.,United Kingdom,Sporting,purebred,,true,2025-11-21 06:04:46.260431+00,2026-01-17 02:12:21.301237+00,2,4,0,28,,,
04f447e2-05a7-4493-90df-6d806f00578a,Shorkie,shorkie,A charming lap dog with luxurious coat. Combines Shih Tzu calmness with Yorkie spirit—great for apartments and seniors.,"Affectionate, Loyal, Playful, Alert",small,3,4,3,5,3,1,5,4,1,4,3,4,2,5,15,25,12,16,Silky,Low,Daily brushing recommended,Moderate difficulty,United States,Hybrid,designer,,true,2025-12-13 05:44:02.368256+00,2026-01-17 02:12:21.301237+00,2,2,15,24,Shih Tzu,Yorkshire Terrier,F1
05a43741-976e-416e-b417-bfff30eb50df,Kangweiler,kangweiler,"The magnificent mashup of a Kangal's guardian instincts and a Rottweiler's work ethic, resulting in a dog that takes protection duties very seriously. These powerful hybrids are like having a bouncer with a psychology degree ? they read situations with impressive accuracy and respond accordingly. They inherit the Kangal's calm assessment skills and the Rottweiler's unwavering loyalty, creating a dog that's both thoughtful and formidable. They move with controlled power, like athletes who know exactly how strong they are and choose restraint. Their intelligence shines through their steady gaze ? these aren't dogs that act first and think later. They're devoted family guardians who need experienced handlers and proper socialization. Think of them as elite security personnel who happen to love belly rubs and will judge your midnight snacking habits with gentle disapproval.",Friendly and loyal companion,Giant,4,3,2,2,3,4,3,3,3,3,2,3,45,64,60,69,9,13,Double coat,Regular exercise,Low to moderate grooming needs with short coat requiring weekly brushing,"Power mix who'll learn intensely but always maintain that """"I could guard a small country"""" confidence.",Mixed,Designer,purebred,,true,2025-11-21 06:05:09.464742+00,2026-02-20 23:08:38.89079+00,2,4,0,28,,,
0a328f1d-205a-4a77-be7c-3459178c2142,Afghan Hound,afghan-hound,"The Afghan Hound looks like it should be a beauty influencer. Long coat flowing, head held high, permanently styled as if a wind machine follows it everywhere. It’s the only dog that can stand still and look dramatic. This has led many people to assume Afghans are delicate show ponies. They are not.
Beneath the shampoo-commercial exterior is an ancient sighthound bred to hunt in the mountains of Afghanistan, including fast, dangerous game. Leopards, not lapdogs. That heritage explains a lot. The independence. The selective hearing. The way they look straight through you as if considering whether your suggestion is worth their time. Afghans don’t disobey. They evaluate.
At home, the myth collapses. These supposedly regal creatures can be astonishingly silly. They steal things. They sprawl across furniture like they own the place. They get sudden bursts of lunacy that involve sprinting through the house at full speed, then collapsing dramatically as if nothing happened. They are equal parts aristocrat and absolute doofus.
Afghan Hounds bond deeply, but they’re not needy. This is not a dog that follows you from room to room waiting for reassurance. They like their people, but they also like their space, and they expect you to respect both. Think cat energy in a large, hairy body that can outrun almost anything.
Outdoors, they are all business. Afghans are sprinters with a powerful prey drive and a deep love of the chase. Recall is… aspirational. Fenced areas are not optional. Indoors, though, they’re surprisingly calm and low-key, happy to lounge for hours like elegant, slightly judgmental statues between adventures.
This is a breed for experienced owners who enjoy a challenge and have a sense of humour. Afghans won’t flatter you with blind obedience or constant affection. What they offer instead is presence, personality, and a relationship that feels earned rather than automatic. If you want a clingy best mate, keep scrolling. If you want a beautiful, stubborn, quietly hilarious companion who lives life on its own terms, the Afghan Hound might just ruin you for every other dog.","Independent, sweet, and impossibly glamorous, this dog is a supermodel and knows it.",Large,4,3,2,5,2,4,2,2,1,2,3,3,23,32,61,74,12,14,Silky coat,High exercise needs; requires daily long walks or runs and space to sprint. They are athletic and need mental stimulation to stay content.,Very high maintenance coat. Daily brushing required to prevent matting. Professional grooming essential.,"Beautiful but aloof and, well, training them is like negotiating with a supermodel who speaks a different language.",Afghanistan,Hound,purebred,,true,2025-11-21 06:05:06.315563+00,2026-02-19 23:44:56.699208+00,3,4,7,25,,,
0b10e342-5dbc-4678-8f54-628cff090ded,Pomeranian,pomeranian,"Meet the canine equivalent of a pocket-sized dictator wrapped in a cloud of fluff, convinced they're actually a 90-kilogram Rottweiler trapped in a 3-kilogram body. These pint-sized pompoms descended from sled dogs, which explains their unshakeable confidence when confronting Great Danes and their belief that they should obviously be in charge of everything. With faces like teddy bears and attitudes like tiny CEOs, they strut through life on legs the size of cocktail stirrers, demanding respect and premium treats. Their double coats require constant maintenance unless you prefer the """"tumbleweed chic"""" look decorating your furniture. They're surprisingly sturdy little companions who'll bark at leaves, shadows, and the general concept of silence. Perfect for those who want maximum personality in minimal square footage, plus a built-in doorbell with strong opinions.","Bold, inquisitive, and lively toy dogs. They are alert watchdogs but can be yappy and need early socialization.",Small,2,2,3,4,5,4,5,2,1,3,3,3,1,3,18,30,12,16,Smooth coat,Low to moderate exercise needs. Daily short walks and indoor play sufficient for exercise requirements.,"High grooming needs with thick, fluffy double coat requiring brushing 2-3 times weekly",Tiny monarchs who'll learn but expect training to accommodate their royal schedules and dignity requirements.,Germany/Poland,Toy,purebred,,true,2025-11-21 06:04:54.534613+00,2026-01-17 02:12:21.301237+00,3,2,5,28,,,
0b3ae4ce-ff17-4689-a37a-b52dd59831c6,Gordon Setter,gordon-setter,"Meet the goth kid of the setter family who grew up to become surprisingly sophisticated. Gordon Setters sport a dramatic black coat with rich tan markings that make them look like they're perpetually dressed for a Victorian funeral ? in the best possible way. These Scottish aristocrats are the largest and most serious of the setters, approaching bird hunting with the intensity of a chess grandmaster. They're one-person dogs who choose their humans carefully but love them completely. Unlike their more social setter cousins, Gordons prefer intimate gatherings to large parties. They're beautiful, brainy, and slightly brooding ? essentially the Mr. Darcy of the sporting dog world, complete with the slow-burn romance factor.","Gordon Setter is friendly, adaptable, and full of character. They thrive in loving homes and enjoy an active, engaged lifestyle.",Large,4,3,2,4,2,3,3,3,3,3,2,3,25,36,58,69,12,13,Silky coat,Moderate to high depending on breed.,"High grooming needs with long, silky feathered coat requiring daily brushing to prevent matting",Scottish gentlemen who learn thoroughly but prefer training with proper Highland dignity.,United Kingdom,Sporting,purebred,,true,2025-11-21 06:04:55.975141+00,2026-01-17 02:12:21.301237+00,3,4,-10,25,,,
0db9d9ad-b4c9-43f1-99ee-a65b8e6a0ef3,Belgian Tervuren,belgian-tervuren,"The Belgian Tervuren is what happens when high intelligence meets high sensitivity and then adds a dramatic soundtrack. Think German Shepherd energy, but with a more artistic silhouette and a coat that looks like it was designed during autumn.

They are beautiful. Rich mahogany tones, black overlay, feathered tail carried like a banner. They move with intention. Nothing about a Terv is casual. Even crossing the living room feels like a mission.

Originally bred to herd Belgian flocks, they now tend to herd households. People included. Their instinct to manage movement and maintain order runs deep. Children playing? Needs supervision. Guests arriving? Requires assessment. Random noise outside? Already on it.

Here is where things get real. Tervurens are not beginner dogs. They are clever to the point of opportunistic. If you are uncertain, inconsistent, or visibly nervous, they will notice. Not maliciously. Simply because they are wired to read and respond. A confident owner provides structure. An unsure one creates a vacuum, and a Terv will step in to fill it.

They are often mouthy as puppies. Excitement can translate into nipping. Testing boundaries is part of the developmental package. In experienced hands, this is manageable and brief. In the hands of someone already uneasy around dogs, it can be overwhelming. They experiment. They push. They learn quickly what works.

Energy levels are high. Mental stimulation is not optional. Obedience, agility, scent work, advanced training. A Terv without a job invents one, and you may not like the outcome. They are capable of outthinking their owners and occasionally proving it.

With their people, they are intensely devoted. Not casual affection. Imprint-level attachment. They are emotional barometers, sensitive to mood shifts and tension. That sensitivity is a gift in the right environment and a challenge in a chaotic one.

The coat is glorious and generous. Expect regular brushing and a steady contribution of fur to your wardrobe.

The Belgian Tervuren suits experienced, confident handlers who want a hobby, not just a pet. In the right home, they are brilliant, loyal, and breathtaking. In the wrong one, they are too much dog. This is a breed that rewards competence and exposes hesitation. Respect that, and you’ll have a partner who works with you, not against you.","Alert, graceful, and hardworking. Thrives with consistent training and a purpose.",Large,5,3,3,4,3,4,2,3,1,3,3,3,20,30,56,66,12,14,Double coat,"Requires 1-2 hours of active exercise each day, with agility or obedience work to stay sharp.","High grooming needs with long, dense double coat requiring regular brushing 2-3 times weekly and seasonal grooming","Beauty, brains, and drive - they'll outperform your expectations then look gorgeous doing it.",Belgium,Herding,purebred,https://cowzzajbwtqfmrocefaw.supabase.co/storage/v1/object/public/dog-breed-images/belgian-tervuren/belgian-tervuren-01.webp,true,2025-11-21 06:04:41.950005+00,2026-02-20 23:08:38.89079+00,2,4,-10,25,,,
0e2efd59-6868-42b1-8ea5-55f4a71f2498,Sealyham Terrier,sealyham-terrier,"Picture a living teddy bear who moonlights as a professional comedian ? that's the Sealyham Terrier. These compact Welsh characters sport magnificent white coats and facial hair that would make hipsters jealous. Originally bred to hunt badgers and otters, they approach modern life with the confidence of someone who once faced down creatures twice their size underground. Their bright eyes peek out from beneath impressive eyebrows, giving them permanently amused expressions. They're independent thinkers who'll consider your suggestions carefully before deciding whether they agree with your logic. Despite their size, they have personalities bigger than Great Danes and the courage to match. They're perfect for people who want a dog with character, charisma, and just enough mischief to keep life interesting ? basically, furry entertainment systems with legs.",Friendly and loyal companion,Small,4,3,3,3,4,3,3,3,1,3,3,3,10,11,25,30,12,14,Wire coat,Regular exercise,Moderate grooming needs with wiry coat requiring weekly brushing and occasional stripping,Welsh terriers who learn steadily but with enough Celtic independence to question unnecessary authority.,Wales,Terrier,purebred,,true,2025-11-21 06:04:41.54868+00,2026-01-17 02:12:21.301237+00,4,1,10,30,,,
0f023e5f-cf48-4026-bcb5-0501441687f2,Dogo Guatemalteco,dogo-guatemalteco,"The Dogo Guatemalteco is Guatemalas bestkept secret, a muscular, athletic guardian that looks like it could bench press a small car yet has the heart of a gentle giant. Few outside Central America know the breed and that suits these watchful dogs just fine because they arent in it for fame, theyre in it to keep their family safe\n\n\Bred as property protectors, they take the job seriously. Theyre rare and powerful, yet surprisingly tender with children. Picture the burly security bloke at your favourite country pub who knows every kids birthday but will give anyone threatening them a look that could freeze stone. Thats the Dogo Guatemalteco in a nutshell\n\n\Intelligent and trainable, theyre not for beginners. Their strong will and protective instincts demand an experienced owner who isnt afraid to set boundaries. Let them call the shots and youll quickly find yourself living in their house rather than the other way around\n\n\Maintenance is straightforward. Their short coat is practically wash and wear, but dont mistake low grooming for low work. They need real exercise  multiple long walks and a decent yard to patrol. An innercity flat in Brisbane wont cut it unless it comes with a few hectares of bush\n\n\They bond hard with their inner circle and prefer a small family unit over a revolving door of visitors. Socialise them early and keep their loyalty by being firm, fair and consistent. Fail that and youll have a fiftykilogram dog with a strong opinion about who is welcome and who isnt",Friendly and loyal companion,Giant,4,3,2,2,4,3,2,2,3,3,3,3,45,65,56,65,10,12,Smooth coat,Regular exercise,Low grooming needs with short coat requiring weekly brushing,Central American guardians who approach training like a serious security briefing.,Guatemala,Working,purebred,,true,2025-11-21 06:04:42.193807+00,2026-02-20 23:08:38.89079+00,3,3,0,28,,,
103ac4aa-1d17-4d00-ac99-9873885bbebe,Miniature Pinscher,miniature-pinscher,"Don't let the """"miniature"""" fool you. This pocket rocket thinks it's a Doberman trapped in a Chihuahua's body. The Min Pin struts around like it owns the neighbourhood, complete with high-stepping gait that screams """"look at me!"""" Originally ratting dogs from Germany, they've retained their fearless attitude and zero awareness of their actual size. Expect a dog that will challenge Great Danes and lecture delivery drivers with impressive authority. They're escape artists who can slip through gaps you didn't know existed, then return looking smugly innocent. Loyal and affectionate with family, but suspicious of strangers and prone to announcing every leaf that dares move in their territory. Perfect for owners who want a big personality in a small, sleek package that doubles as a very opinionated alarm system.",Friendly and loyal companion,Small,4,3,3,1,4,4,3,3,1,3,4,3,4,5,25,30,12,16,Double coat,Regular exercise,"Low grooming needs with short, smooth coat requiring weekly brushing","""""King of Toys"""" who'll learn quickly but maintain executive-level authority over training implementation.",Germany,Toy,purebred,,true,2025-11-21 06:04:54.130919+00,2026-01-17 02:12:21.301237+00,2,4,10,30,,,
10f91bd0-5300-4977-870e-45e17e1414fc,Australian Cattle Dog,australian-cattle-dog,"Meet the Outback’s answer to the overachiever. The Australian Cattle Dog is a compact, muscular blur of controlled intensity. Bred to nip at the heels of stubborn cattle across some of Australia’s harshest country, this is a dog that moves like it has a deadline and you’re in the way.

That mottled coat is not decorative. Blue speckle or red speckle, both look like someone flicked paint across a very athletic frame. Underneath sits a body engineered for endurance. They can run all day, pivot on a coin, and hold eye contact with a half-tonne animal until it reconsiders its life choices.

But the real headline is the brain. Cattle Dogs are scalpel sharp. Not “roll over for a biscuit” sharp. More “I’ve analysed your routine and identified three weaknesses” sharp. They anticipate. They calculate. They learn once and remember forever. Mental stimulation is mandatory. Skip it and they’ll channel that intelligence into creative landscaping projects or structural home audits.

They bond intensely and take loyalty seriously. With their people, they are affectionate and devoted. They like proximity. They like involvement. Making lunch? They’re supervising. Kids running through the yard? Finally, something that needs coordination. Sitting still for hours? They’ll tolerate it briefly, then file a complaint.

The herding instinct is precise and powerful. Circling movement, nudging heels, attempting to organise anything with legs. Early socialisation and firm, consistent boundaries are essential. They thrive under clear leadership framed as partnership. Give them structure and they shine. Offer vague instructions and they’ll draft their own plan.

Energy levels are relentless. A casual stroll won’t cut it. Think long hikes, agility, advanced obedience, structured play, problem-solving games. They excel when given real work and a reason to use both muscle and mind.

This is not an ornamental apartment dog. It’s a working partner in a compact, driven package. In the right home, preferably with space and purpose, the Australian Cattle Dog is brilliant, protective, and fiercely dedicated. On farms across the Outback and well beyond, they are not just useful. They are indispensable.","Tough, smart, and tireless. This is a true working dog that thrives when kept busy and engaged.",Medium,5,3,1,2,3,4,3,3,1,3,3,3,15,22,43,51,12,16,Double coat,"Demands 1?2 hours of vigorous activity daily, with mental challenges like herding or agility.",Low grooming needs with short double coat requiring weekly brushing and seasonal shedding management,Wicked smart workaholics who'll master training then redesign your entire program for efficiency.,Australia,Herding,purebred,https://cowzzajbwtqfmrocefaw.supabase.co/storage/v1/object/public/dog-breed-images/australian-cattle-dog/australian-cattle-dog-03.webp,true,2025-11-21 06:05:04.094505+00,2026-01-17 02:12:21.301237+00,2,4,0,28,,,
130b9ff2-ce0c-4f26-bc0a-3e8605c00d3e,Chinook,chinook,"Picture a golden teddy bear that decided to become a sled dog ? that's the Chinook. These rare gems were bred in New Hampshire for polar expeditions, combining the work ethic of a husky with the heart of a golden retriever. They're the diplomats of the dog world, getting along with everyone from toddlers to cats, though they'll still try to pull your arm off during walks. Their calm, steady temperament makes them excellent therapy dogs, but don't mistake their gentleness for laziness. These muscular athletes need serious exercise and mental stimulation, or they'll redesign your garden with the enthusiasm of a landscaping crew. With only a few hundred left worldwide, owning a Chinook is like having a living piece of American dog history.",Friendly and loyal companion,Large,4,3,2,3,4,3,2,2,3,3,2,3,25,41,53,69,12,15,Smooth coat,Regular exercise,Moderate grooming needs with thick double coat requiring brushing 2-3 times weekly,Rare sled dogs who'll learn enthusiastically but keep checking if training involves pulling something heavy.,United States,Working,purebred,,true,2025-11-21 06:04:42.071173+00,2026-01-17 02:12:21.301237+00,3,3,0,28,,,
1407c954-0394-4ca7-ae87-dc7140396bd9,Maltese,maltese,"Like a cloud that learned to walk and developed an attitude, the Maltese floats through life on silky white locks and pure confidence. These tiny Mediterranean aristocrats have been charming their way through history for over two millennia, perfecting the art of being simultaneously adorable and demanding. Their floor-length coats require daily brushing unless you opt for a shorter """"puppy cut,"""" which transforms them from glamorous divas into fluffy cotton balls. Despite their delicate appearance, they're surprisingly sturdy and can be quite fearless, often forgetting they're smaller than most cats. They're devoted to their families but can be suspicious of strangers, proving that good things really do come in very small packages. Perfect for those wanting elegance in miniature form.","Gentle, playful, and charming toy dogs. They are affectionate companions and adapt well to apartment living.",Small,2,3,3,4,4,2,5,3,1,3,2,3,2,3,20,25,12,15,Wire coat,Low exercise needs. Daily short walks and indoor play sufficient. Enjoys being a lap dog more than exercising.,"Very high grooming needs with long, silky single coat requiring daily brushing to prevent matting","Silky sweethearts who'll learn delicately, preferring gentle training that doesn't disturb their perfect grooming.",Malta,Companion,purebred,,true,2025-11-21 06:04:58.353331+00,2026-01-17 02:12:21.301237+00,4,1,10,30,,,
1774dd16-a2da-4f42-8239-08af276d7089,Basset Hound,basset-hound,"Picture a bloodhound that was gently compressed for convenience and you’ve got the Basset Hound. Long body. Short legs. Ears that could double as linen napkins in an emergency. And that face. Permanent mild concern, as if it has just remembered it left the oven on in 1974.

Originally bred in France to hunt rabbits, the Basset is not slow. It is methodical. There’s a difference. That nose is world class. Once it locks onto a scent, the rest of the dog becomes a delivery system. You may think you’re on a pleasant stroll. The Basset knows you are mid-investigation and progress will be dictated by evidence.

Their short legs and droopy eyes create the illusion of laziness. Don’t be fooled. They can be surprisingly determined, particularly when following a smell. Fences need to be secure. Recall needs work. Garbage bins need lids that mean business. If there is something interesting five metres away, the Basset will find it. If it is five kilometres away, the Basset is prepared to negotiate.

Temperament is one of their greatest strengths. They are typically sweet-natured, patient, and tolerant. Good with kids, generally sociable with other dogs, and blessed with a kind of laid-back charm that makes them easy to live with. They are not high-strung. They are not dramatic. They are simply… steady.

Training requires patience and a sense of humour. They are intelligent but independent. If you ask for a sit while a fascinating scent is unfolding nearby, your request will be queued for later review. Positive reinforcement and consistency work best. Bribery with snacks is not beneath them.

Energy levels are moderate. A good daily walk, preferably with time allocated for extensive sniffing, keeps them satisfied. They are not built for agility championships. They are built for slow, deliberate pursuit of interesting smells and then a long, satisfied nap.

The Basset Hound suits families who appreciate calm companionship and don’t mind a bit of stubborn charm. You won’t get Olympic performance. You will get loyalty, warmth, and a dog that treats every walk like a detective novel. Just understand that the nose is in charge.","Gentle, laid-back, and affectionate. Loves a good sniff more than just about anything else.",Large,2,3,4,2,4,3,3,3,1,3,3,3,20,29,28,38,12,13,Smooth coat,"Enjoys 45?60 minutes of steady walking daily, with plenty of time to follow scents.",Low to moderate grooming needs with short coat requiring weekly brushing and regular ear cleaning,Intelligent but selective listeners - they'll learn when the mood strikes or treats are involved.,France,Hound,purebred,https://cowzzajbwtqfmrocefaw.supabase.co/storage/v1/object/public/dog-breed-images/basset-hound/basset-hound-01.webp,true,2025-11-21 06:05:00.019546+00,2026-02-20 23:08:38.89079+00,3,3,0,28,,,
1904cde2-8f5c-443a-98c3-ccbc2ca42170,Manchester Terrier,manchester-terrier,"Sleek as a miniature Doberman with the attitude of a much larger dog, the Manchester Terrier moves through life like a well-dressed secret agent. Originally bred in 19th-century Manchester to hunt rats in the city's mills, they combined Whippet speed with terrier tenacity to create the ultimate urban pest controller. Their glossy black and tan coat requires minimal grooming but maximum admiration ? they know they look good. These athletic little characters have more energy than their refined appearance suggests and need owners who can match their intelligence and drive. They're loyal to their families but can be aloof with strangers, preferring to assess situations before committing to friendship. Think sophisticated city dweller who can handle themselves in any neighborhood.",Friendly and loyal companion,Small,4,3,2,2,4,3,3,3,1,3,4,3,3,10,38,41,14,16,Silky coat,Regular exercise,"Low grooming needs with short, smooth coat requiring weekly brushing",Sleek city dogs who learn efficiently but with urban sophistication and occasional working-class skepticism.,United Kingdom,Terrier,purebred,,true,2025-11-21 06:04:48.894557+00,2026-01-17 02:12:21.301237+00,3,3,0,28,,,
1b8abac9-0bfb-4b3b-969e-67ad4e0f98d4,Poodle (Standard),poodle-standard,"Meet the canine equivalent of a brilliant professor who moonlights as a circus performer ? Standard Poodles are walking proof that brains and beauty aren't mutually exclusive. These curly-coated Einsteins approach life like they're solving complex equations, except the equation is usually """"how can I open this treat container?"""" Originally water retrievers, they combine athletic prowess with an almost human-like ability to read your emotions and judge your Netflix choices. Their hypoallergenic coats require professional maintenance unless you prefer the """"abandoned teddy bear"""" aesthetic throughout your home. They're people-pleasers with PhDs in reading the room, switching effortlessly from dignified companion to goofy entertainer based on your mood. Expect a dog who remembers every routine, anticipates your needs, and occasionally outsmarts you at your own games.","Active, intelligent, and elegant dogs. They're excellent family pets and highly trainable companions.",Large,4,5,1,5,3,1,4,4,1,4,4,3,2,32,24,62,10,18,Curly coat,"Moderate to high exercise needs. Daily walks, swimming, and mental stimulation are important.","Very high grooming needs with curly, hypoallergenic coat requiring daily brushing and professional grooming every 6-8 weeks",You'll wonder who's training whom - these dogs are wicked clever and slightly unsettling in their intelligence.,Germany/France,Sporting/Toy,purebred,,true,2025-11-21 06:04:54.944901+00,2026-02-20 23:08:38.89079+00,3,3,0,28,,,
1ecf5846-3ef7-4b7e-be4b-5710e97b3102,Belgian Shepherd Laekenois,belgian-shepherd-laekenois,"The scruffiest and rarest of the Belgian shepherds, the Belgian Laekenois looks like it’s been styled by strong coastal winds and then decided that was good enough. That rough, wiry coat sits in permanent “artfully dishevelled” mode. Underneath it, however, is a dog running on precision engineering.

Originally used to guard linen fields in Belgium, yes, actual linen drying in open fields, the Laekenois took the job seriously. Watchful, alert, and ready to move. That heritage shows in their posture. They don’t lounge. They stand like they’re waiting for instructions from headquarters.

Intelligence is high. Very high. This is a working shepherd through and through. They thrive on structure, training, and purpose. Police work, protection sports, agility, advanced obedience. Give them a task and they lock in with laser focus. Leave them idle and they’ll begin drafting their own operational plans, which may include reorganising household logistics or conducting neighbourhood surveillance.

Energy levels are strong. Daily exercise is non-negotiable. Not just a wander around the block. Think sustained activity plus mental work. They need both. Physical exercise without engagement is only half the equation.

Temperament with family is intensely loyal. They don’t just bond. They attach. Expect a shadow. Possibly a very determined one. They are protective, observant, and often deeply devoted to their chosen people. Early socialisation is essential to ensure that watchfulness remains stable rather than reactive.

Training ease is excellent when leadership is clear and consistent. They respect confident handlers and respond well to positive reinforcement paired with structure. Inconsistent direction will be noted and quietly corrected, by them.

The wiry coat requires regular brushing but is generally lower maintenance than it looks. It’s functional, weather resistant, and part of the breed’s rugged appeal.

The Belgian Laekenois suits experienced owners who appreciate drive, focus, and a dog that takes partnership seriously. This is not a decorative shepherd. It’s a working mind in a windswept jacket, fully prepared to manage the household if you appear unqualified.","Rare herding breed with rough, tousled coat. Alert, loyal, and energetic working dog requiring mental stimulation and active lifestyle.",Large,5,3,2,3,4,3,2,2,3,3,3,3,20,30,56,66,14,16,Wire coat,"Requires 60?90 minutes of vigorous daily exercise including running, hiking, or agility training to satisfy high energy levels.","Moderate grooming needs with wiry, tousled coat requiring weekly brushing and occasional hand-stripping",Rare but brilliant - they'll excel at training while making you feel slightly inadequate by comparison.,Belgium,Working,purebred,https://cowzzajbwtqfmrocefaw.supabase.co/storage/v1/object/public/dog-breed-images/belgian-shepherd-laekenois/belgian-shepherd-laekenois-02.webp,true,2025-11-21 06:04:52.699953+00,2026-01-17 02:12:21.301237+00,3,3,0,28,,,
1feb6b4a-83d4-4f7a-826f-98914be82a8e,Dutch Shepherd,dutch-shepherd,"The Dutch Shepherd is like the Swiss Army knife of dogs ? versatile, reliable, and capable of handling whatever life throws at them. These athletic, intelligent herders wear distinctive brindle coats that look like someone applied tiger stripes with an artistic flair. Originally bred to work Dutch farms, they approach everything from agility courses to daily walks with the focused intensity of dedicated professionals. They're the overachievers who make other dogs look lazy, excelling at police work, search and rescue, and competitive sports while still being loving family companions. Their high intelligence means they need mental challenges constantly, or they'll find their own entertainment (usually involving your favorite shoes). These dogs bond deeply with their families but need experienced owners who can match their energy and brainpower.",Friendly and loyal companion,Large,5,3,2,3,4,4,2,2,1,3,3,3,20,32,55,63,11,14,Double coat,Regular exercise,"Moderate grooming needs with short to long coat varying by variety, requiring weekly to bi-weekly brushing",Versatile workers who'll master training then ask what other jobs need doing around here.,Netherlands,Herding,purebred,,true,2025-11-21 06:04:45.339559+00,2026-02-20 23:08:38.89079+00,2,4,0,28,,,
22f19dad-e9a0-4a6c-bb35-8f05b655f847,Eskimo Dog (American Eskimo),eskimo-dog-american-eskimo,"Despite the name, the American Eskimo Dog is actually a German Spitz who got excellent PR and a career change. These fluffy white clouds with button noses were circus performers who charmed crowds with their intelligence and showmanship ? talents they've never quite retired. Eskies come in three sizes (toy, miniature, and standard) but all share the same """"look at me!"""" personality and fox-like expressions. They're natural entertainers who learn tricks quickly and aren't shy about showing off their repertoire. Their double coats shed like it's their full-time job, turning your black clothing into abstract art. These alert, intelligent dogs make excellent watchdogs who'll announce every delivery truck, falling leaf, and every delivery. They're perfect for families who want a beautiful, trainable companion who doubles as a home security system and occasional comedian.",Friendly and loyal companion,Medium,4,3,2,4,4,4,3,3,1,3,2,3,3,16,23,48,13,15,Double coat,Regular exercise,High grooming needs with thick double coat requiring brushing 2-3 times weekly and intensive seasonal grooming,Arctic athletes who'll learn but always wonder why training doesn't involve more snow and sledding.,United States,Companion,purebred,,true,2025-11-21 06:05:03.315313+00,2026-02-20 23:08:38.89079+00,2,4,0,28,,,
247f0301-b749-46db-ae9b-db6b7b827f5f,Irish Red Setter,irish-red-setter,"The Irish Setter is joy with a heartbeat wrapped in a glossy red jacket. These flamecoated sprinters barrel through life like theyre late for a party only theyve been invited to, and theyll bring that same fullthrottle enthusiasm to everything  whether its flushing birds, saying hello to every person in the neighbourhood, or sticking their nose where it doesnt belong. 
Standing 6070cm at the shoulder and weighing 2732kg, theyre built for speed, and they dont believe in walking when they could be galloping. Theyre stunning to look at, sharp enough to learn impressive tricks, and just scatterbrained enough to misplace the very tennis ball they were so proud to retrieve. Under all that hair theres a working dog who needs a job, plenty of exercise, and a comb  that luxurious coat mats if you neglect it. They dont really grow up until around their third birthday, so prepare for years of lanky, goodnatured clowning thats both utterly charming and a bit tiring. If youre ready for a handsome hooligan wholl keep you on your toes and your heart rate up, an Irish Setter will make you wonder how you ever survived without one.","Outgoing, sweet, and active sporting dogs. They are high-energy and need active families who enjoy outdoor activities.",Large,5,4,2,4,2,4,1,4,3,4,2,3,25,32,58,70,12,15,Double coat,"Very high exercise needs. Requires extensive daily exercise including running, hiking, and field activities.","Daily brushing to prevent tangles and mats in their long, rich-red coat, and regiular tonail clipping with baths every few weeks.",Red-headed beauties who learn enthusiastically but get distracted by their own gorgeous reflections.,Ireland,Sporting,purebred,,true,2025-11-21 06:05:04.364475+00,2026-01-17 02:12:21.301237+00,2,4,0,28,,,
249f905a-798f-46d2-873e-d843606cfecc,Lakeland Terrier,lakeland-terrier,"Small but mighty, the Lakeland Terrier struts through life with the confidence of a dog three times their size. Originally bred in England's Lake District to hunt foxes in rocky terrain, they're basically mountain goats in terrier form ? fearless, agile, and occasionally reckless. Their wiry coats and compact build make them look like they're perpetually ready for adventure, which they absolutely are. These feisty little characters have enough personality for a dog twice their size and the stubbornness to match. They're loyal to their families but can be scrappy with other dogs, especially if challenged. Think of them as the friend who's always up for hiking but might start a bar fight ? loveable, but requiring firm guidance.",Friendly and loyal companion,Small,4,3,2,3,4,3,3,3,1,3,4,3,7,8,33,38,12,16,Curly coat,Regular exercise,Moderate grooming needs with wiry double coat requiring weekly brushing and hand-stripping,Lake District terriers who learn steadily but with enough English countryside attitude to stay interesting.,United Kingdom,Terrier,purebred,,true,2025-11-21 06:04:55.311537+00,2026-01-17 02:12:21.301237+00,3,3,0,28,,,
25080d97-0961-4db3-ae61-78c41ce9cbea,Bearded Collie,bearded-collie,"Imagine a sheepdog that wandered into a 1970s hair salon and said, “Yes, I’ll take the full volume.” That’s the Bearded Collie. A bouncing cloud of shaggy enthusiasm with legs underneath somewhere.

Originally bred to herd sheep in the Scottish Highlands, Beardies were designed for stamina, weather, and stubborn livestock. The coat isn’t fashion. It’s insulation. Long, flowing, and gloriously dramatic, it gives them the look of a sentient dust mop with strong opinions. It also requires maintenance. Regular brushing is not optional. Skip it and you’ll discover that hair can, in fact, form alliances.

Energy levels are high. Not frantic, but joyfully relentless. Think golden retriever optimism wrapped in a wind tunnel. They move with a springy gait that suggests life is happening and they refuse to miss any of it. A gentle stroll is fine as a warm-up. Real satisfaction comes from proper exercise, play, and something to think about.

Temperament is where they shine. Beardies are famously cheerful, affectionate, and a little bit ridiculous in the best way. They love their people deeply and prefer not to be excluded from any activity. Cooking dinner? They’re supervising. Gardening? They’re assisting, probably by redistributing soil. Sitting still for hours? They’ll wait politely, then encourage a more productive agenda.

The herding instinct is still there. Circling movement, nudging the children, occasionally trying to manage the cat’s travel plans. Early training and consistent boundaries keep things charming rather than chaotic. They respond well to positive reinforcement and enjoy learning. They want to work with you, not for you.

Indoors, be prepared for mud, hair, and the occasional enthusiastic entrance that resembles a small furry tornado. Clean floors are more of a suggestion than a rule in a Beardie household.

The Bearded Collie suits active families who appreciate humour, don’t mind grooming as a shared hobby, and enjoy a dog that lives life at full volume. Underneath all that hair is a bright, devoted companion who believes joy is a daily responsibility. Exhausting at times, yes. But rarely dull.","Alert, energetic, and fun-loving. Thrives with work, play, and plenty of open space.",Medium,4,3,2,4,3,4,3,3,1,3,2,3,20,27,51,56,10,13,Double coat,"Requires 1?2 hours of activity daily, including walks, play, and mentally stimulating tasks.",High grooming needs with long double coat requiring daily brushing to prevent matting,Enthusiastic scholars who'll learn with bouncing joy and never let you forget how clever they are.,Scotland,Herding,purebred,https://cowzzajbwtqfmrocefaw.supabase.co/storage/v1/object/public/dog-breed-images/bearded-collie/bearded-collie-02.webp,true,2025-11-21 06:05:03.687046+00,2026-01-17 02:12:21.301237+00,2,4,-10,25,,,
25cc27ba-dddc-49b8-9b5d-30448369936b,Neapolitan Mastiff,neapolitan-mastiff,"Imagine a gentle giant wearing an oversized wrinkled sweater that's three sizes too big?that's the Neapolitan Mastiff. These ancient Roman guardians look like they were sculpted from clay by someone with very generous hands, all loose skin and thoughtful expressions. Despite their intimidating size and face that could stop traffic, they're surprisingly gentle souls who think they're lapdogs. They move with the grace of a sleepy elephant and drool with Olympic-level consistency, so invest in good towels. Originally bred to be silent guardians, they still take their protective duties seriously while being remarkably patient with children. These living sofas need experienced owners who understand that underneath all those wrinkles beats the heart of a devoted family member who just happens to weigh as much as a small car.","Protective, loyal, and often stoic.",Giant,2,3,2,2,4,3,2,2,5,3,3,3,50,70,61,79,7,9,Smooth coat,High  needs jobs to do or space to roam.,Low grooming needs with short coat requiring weekly brushing and wrinkle cleaning,Wrinkled Italians who learn thoughtfully but prefer training that respects their Mediterranean pace of life.,Italy,Working,purebred,,true,2025-11-21 06:05:10.386807+00,2026-02-20 23:08:38.89079+00,3,3,0,28,,,
25ebe526-310f-409a-9a77-4f57ad04a77d,Chinese Shar-Pei,chinese-shar-pei,"Meet the dog who looks like they're wearing an oversized sweater that shrunk in the wash. These wrinkled warriors from China are basically four-legged philosophers wrapped in excessive skin folds. Their hippopotamus-shaped heads and tiny triangular ears give them a permanently contemplative expression, like they're pondering life's deeper mysteries. Originally bred for fighting and guarding, they're surprisingly calm and dignified, approaching strangers with polite skepticism rather than enthusiasm. Their blue-black tongues and unique coat texture make them unmistakable, while their independent nature means they'll love you on their own terms. They need experienced owners who understand their aloof dignity isn't personal rejection. Perfect for those wanting a unique, loyal companion who provides quiet confidence and endless fascination.","Calm, loyal, and independent. A devoted protector with a unique wrinkled look and strong sense of family.",Large,2,3,2,3,4,4,2,2,1,3,2,3,18,29,44,51,8,12,Double coat,"Needs 45?60 minutes of moderate activity daily, including walks and play.",Low grooming needs with short coat requiring weekly brushing and wrinkle cleaning,Wrinkled philosophers who'll learn thoughtfully but always maintain an air of ancient wisdom.,China,Working,purebred,,true,2025-11-21 06:05:08.689698+00,2026-02-20 23:08:38.89079+00,2,4,0,28,,,
27639db5-5784-44fc-a342-53c618e1af5b,Alapaha Blue Blood Bulldog,alapaha-blue-blood-bulldog,"Think powerlifter meets plush toy and you’re close. The Alapaha Blue Blood Bulldog looks like it was built to guard a plantation at dawn, then nap aggressively on the couch by lunch. Stocky, muscular, and unapologetically solid, these dogs carry themselves with the confidence of something that knows it can handle trouble but would rather not unless absolutely necessary. The blue-mottled coat and sharp, watchful eyes give them an old-soul vibe, like they’ve seen a few things and judged most of them. Despite the intimidating build, they’re devoted family clowns who are convinced they qualify as lap dogs, physics be damned. Loyal to the point of obsession and protective without being reckless, they bond hard with their people and take their job seriously. This is not a beginner breed. They need a calm, experienced owner who can lead without shouting and train without drama. Get that right and you’ll have a steady, affectionate guardian who’ll protect your home, steal your favourite chair, and quietly dare anyone to question it.

Where they really shine is in discernment. An Alapaha doesn’t bark at everything that moves; they watch, assess, then decide if it’s worth their energy. Strangers are treated with polite suspicion until formally approved by the family committee, after which the dog will remember them forever. They’re smart, stubborn, and allergic to nonsense, so half-hearted training won’t cut it. Clear rules, consistency, and respect go a long way, because this breed responds to leadership, not domination.

At home, the tough-guy act drops fast. Expect shadow behaviour, leaning body weight into you like a living sandbag, and a surprising sense of humour for something shaped like a brick. They’re sensitive dogs under the muscle, deeply attached to their people and not fans of chaos or constant turnover. Give them structure, space, and purpose, and the Alapaha Blue Blood Bulldog becomes exactly what it was meant to be: a calm, confident protector with a soft centre and a presence that fills a room without making a sound.","Protective, loyal, and steady. This is a no-nonsense dog that watches over its family with quiet confidence.",Large,4,3,2,4,4,3,2,2,5,3,2,3,25,41,51,66,12,13,Smooth coat,"Needs about an hour of daily exercise, including walks and play, to stay fit and content.",Low grooming needs with short coat requiring weekly brushing and regular ear cleaning,Stubborn nobility - they'll eventually comply but only after making it clear they're doing you a favour.,United States,Working,purebred,,true,2025-11-21 06:04:43.241622+00,2026-01-17 02:12:21.301237+00,3,3,0,28,,,
2855bd8a-a961-4877-8feb-14a92279bccc,Golden Retriever,golden-retriever,"If dogs had yearbook superlatives, Golden Retrievers would sweep """"Most Likely to Succeed"""" and """"Friendliest Personality."""" These golden-coated optimists approach life like it's an endless summer camp where everyone gets a participation trophy. Originally bred to retrieve waterfowl without damaging them, they've mastered the art of gentle enthusiasm ? they'll greet you like you're a war hero returning home, then delicately carry an egg without cracking it. Their intelligence is legendary, but they're also wonderfully goofy, capable of learning complex tasks while somehow getting their head stuck in a cereal box. They shed enough to knit a second dog, love everyone unconditionally, and believe every day is the best day ever.","Friendly, intelligent, and devoted dogs that make excellent family pets. They're great with children and other pets.",Large,4,5,1,4,2,4,2,5,3,5,2,3,25,34,51,61,10,12,Double coat,"Requires 1-2 hours of exercise daily. They love swimming, fetching, and long walks. Mental stimulation through training and puzzle games is also important.","High grooming needs with dense, water-repellent double coat requiring brushing 2-3 times weekly",Sunshine personalities who approach training like the most wonderful activity humans ever invented.,United Kingdom,Sporting,purebred,,true,2025-11-21 06:04:53.879256+00,2026-01-17 02:12:21.301237+00,2,4,-10,25,,,
29885bf2-3d8b-4298-bbcf-1dbb02429211,Canadian Eskimo Dog,canadian-eskimo-dog,"Built like a furry tank with the heart of an arctic explorer, these magnificent dogs were sledding across frozen tundra while other breeds were still figuring out """"sit."""" One of North America's oldest breeds, they're living relics with incredible endurance and an almost mythical cold tolerance. Think husky energy cranked to eleven, with a work ethic that makes workaholics look lazy. Their thick double coat and powerful build mean summer is their villain origin story. They need experienced owners who understand their pack mentality and provide serious physical challenges. Not apartment dogs?they're happiest hauling, hiking, or generally conquering the outdoors. Perfect for adventurous families ready for a four-legged expedition partner who never calls in sick.","Hardy, loyal, and strong. Built for cold climates and hard work.",Large,5,3,2,4,4,4,2,2,3,3,3,3,30,40,51,69,10,15,Double coat,"Needs 1?2 hours of vigorous activity, including pulling, hiking, or free running.",High grooming needs with thick double coat requiring brushing 2-3 times weekly and intensive seasonal grooming,Arctic athletes who'll learn but prefer training sessions that don't conflict with sled-pulling schedules.,Canada,Working,purebred,,true,2025-11-21 06:04:59.897639+00,2026-02-20 23:08:38.89079+00,2,4,0,28,,,
2b86882e-6327-4e44-a246-ae25bc5b50a1,Caucasian Shepherd Dog,caucasian-shepherd-dog,"Imagine a bear decided to become a dog and you're getting close to this magnificent giant. These massive guardians from the Caucasus Mountains are basically living fortresses with surprisingly gentle hearts. Bred to protect flocks from wolves and bears, they approach strangers with the enthusiasm of a bouncer at an exclusive club. Their thick, luxurious coat makes them look even more imposing, while their calm confidence suggests they know exactly how impressive they are. Not for novice owners?they need experienced handlers who understand their independent nature and protective instincts. They're surprisingly gentle with their families but will politely decline to acknowledge visitors until properly introduced. Perfect for those wanting a loyal, majestic companion who doubles as home security.","Massive, fearless, and watchful. A serious guard dog with strong instincts.",Giant,2,3,2,5,4,3,2,2,3,3,3,3,45,100,64,75,10,12,Smooth coat,"Needs 1-2 hours of vigorous daily activity, ideally with guarding or farm work.","Very high grooming needs with thick, long double coat requiring daily brushing during shedding seasons","Mountain-sized guardians who'll learn selectively, preferring commands that align with their protection duties.",Caucasus region,Working,purebred,,true,2025-11-21 06:04:41.423627+00,2026-02-20 23:08:38.89079+00,3,3,-5,28,,,
2c05722c-f7a5-4051-b3a9-a004fa5a90f6,Labsky,labsky,"An athletic, adventurous cross with striking looks. High exercise needs and heavy shedding—ideal for active outdoor families.","Friendly, Active, Loyal, Adventurous",large,5,5,4,3,3,5,1,4,2,2,4,3,20,32,53,63,10,14,Double Coat,High,Regular brushing required,Easy to train,United States,Hybrid,designer,,true,2025-12-13 05:44:02.368256+00,2026-01-17 02:12:21.301237+00,2,5,0,20,Labrador Retriever,Siberian Husky,F1
2d363459-331e-411f-b28e-18f9c4838b25,Tibetan Spaniel,tibetan-spaniel,"Picture a wise little monk who traded robes for fur and developed an unhealthy obsession with high perches. Tibetan Spaniels are compact companions who believe the best view of any room is from the back of your sofa, preferably surveying their domain like tiny four-legged kings. Originally monastery dogs who turned prayer wheels (seriously), they've retained their spiritual air and tendency to gaze meaningfully into the distance. Their silky coat and plumed tail give them a permanently elegant appearance, even when they're doing distinctly un-elegant things like stealing socks. Independent thinkers who'll love you deeply while maintaining their dignity, they're less needy than most small dogs but equally charming. Alert watchdogs who announce visitors with enthusiasm but won't actually do anything about intruders except look disappointed. Perfect for families wanting a small, relatively low-maintenance companion with ancient wisdom and modern couch-surfing skills.",Friendly and loyal companion,Small,2,3,3,4,3,3,3,3,1,5,4,3,4,7,24,26,12,15,Silky coat,Regular exercise,Moderate grooming needs with silky double coat requiring brushing 2-3 times weekly,Monastery dogs who learn thoughtfully but maintain spiritual detachment from overly materialistic training goals.,Tibet,Companion,purebred,,true,2025-11-21 06:05:07.40164+00,2026-01-17 02:12:21.301237+00,4,2,10,32,,,
2e79105c-a5ce-4589-aefb-2b8fee29ac9d,Boxerdoodle,boxerdoodle,"An athletic, playful family dog combining Boxer exuberance with Poodle brains. High energy requires active household.","Playful, Energetic, Loyal, Intelligent",large,5,5,4,3,3,2,2,4,3,3,3,3,23,36,53,65,10,14,Wavy to Curly,High,Regular brushing required,Easy to train,United States,Hybrid,designer,,true,2025-12-13 05:44:02.368256+00,2026-01-17 02:12:21.301237+00,2,3,10,24,Boxer,Poodle (Standard),F1
2f7f4b0c-1c3b-4261-b6b9-a6ee75aa14fb,Bouvier des Flandres,bouvier-des-flandres,"Meet the shaggy superhero who looks like a walking haystack but moves with surprising grace. These Belgian farmworkers are basically teddy bears disguised as serious working dogs, with magnificent beards that collect everything from breakfast crumbs to small wildlife. Originally bred to drive cattle and pull carts, Bouviers approach life with the steady determination of someone who's seen it all and isn't particularly impressed. Their calm, protective nature makes them excellent family guardians, though their imposing size can intimidate delivery drivers. They're surprisingly gentle with children but won't hesitate to body-block anything they perceive as threatening. Grooming is a commitment ? think daily brushing and professional maintenance. Perfect for families wanting a loyal, intelligent companion who doubles as a living security system with exceptional facial hair.","Steady, brave, and versatile. A strong worker and loyal family protector.",Large,4,3,2,4,4,3,2,2,3,3,2,3,27,40,59,68,10,12,Wire coat,"Requires 1-2 hours of daily exercise, ideally including farm or working tasks.","Very high grooming needs with thick, rough coat requiring daily brushing and professional grooming every 6-8 weeks",Bearded intellectuals who'll master training but expect you to explain the reasoning behind each command.,Belgium,Working,purebred,,true,2025-11-21 06:04:50.5859+00,2026-01-17 02:12:21.301237+00,3,3,0,28,,,
34867c56-17c7-49b9-bac6-f08828134daf,Collie,collie,"Whether rough or smooth-coated, Collies are the valedictorians of the dog world ? brilliant, beautiful, and slightly neurotic about getting everything perfect. Made famous by Lassie, these elegant herders still believe their job is to keep everyone safe and accounted for, which can translate to gentle but persistent """"suggestions"""" about where you should be walking. Their intelligence is both impressive and exhausting; they'll learn your routines better than you know them and helpfully remind you when you're running late. Sensitive souls who read human emotions like open books, they can be a bit much for laid-back families. They need mental challenges to prevent them from becoming anxious wrecks who bark at leaves that dare to move wrong.","Devoted, elegant, and protective. Exceptional with kids and naturally nurturing.",Large,4,5,1,4,4,4,2,4,3,4,2,3,18,29,51,66,12,14,Silky coat,"Requires 1?2 hours of activity daily, including herding, agility, or play.","High grooming needs with long, dense double coat requiring brushing 2-3 times weekly and seasonal grooming",Lassie-level intelligence with Hollywood good looks - they'll learn everything then save Timmy from the well.,Scotland,Herding,purebred,,true,2025-11-21 06:04:46.537935+00,2026-02-20 23:08:38.89079+00,3,3,0,28,,,
34c146bb-7b06-429c-b106-8ff2081f6baf,Irish Wolfhound,irish-wolfhound,"Meet the gentle giant who thinks they're a lap dog but forgot to check their size first. These shaggy towers of sweetness were once the exclusive pets of Irish royalty, bred to hunt wolves with the grace of a galloping couch. Standing like friendly, bearded skyscrapers, they move with surprising elegance for something that could double as outdoor furniture. Despite their imposing presence, they're marshmallows with legs ? calm, dignified, and utterly devoted to their humans. They're sprinters who love a good gallop but are happiest lounging indoors, preferably on your favorite armchair (which they'll claim as their throne). Their gentle nature makes them terrible guard dogs but excellent conversation starters. Just remember: you're not getting a pet, you're adopting a small horse with exceptional manners.",Independent but affectionate at home.,Giant,3,3,3,2,1,3,3,3,3,3,3,3,48,82,71,86,6,8,Curly coat,High  loves long walks and sniffing everything.,"Moderate grooming needs with rough, shaggy coat requiring weekly brushing and occasional stripping",Gentle giants with ancient souls - they'll learn respectfully but prefer training with historical context.,Ireland,Hound,purebred,,true,2025-11-21 06:05:05.562587+00,2026-02-20 23:08:38.89079+00,3,3,0,28,,,
34c84f88-c086-4b45-93bf-4f8b15d4b574,Sheepadoodle,sheepadoodle,"A fluffy, friendly giant with a playful personality. Their shaggy coat requires regular grooming but sheds less than purebred sheepdogs.","Friendly, Playful, Gentle, Intelligent",large,4,5,4,5,3,2,2,4,1,3,4,3,27,40,55,70,12,15,Wavy to Curly,High,Daily brushing recommended,Easy to train,United States,Hybrid,designer,,true,2025-12-13 05:44:02.368256+00,2026-01-17 02:12:21.301237+00,2,5,5,20,Old English Sheepdog,Poodle (Standard),F1
35412ccf-660d-4649-ac28-adf4d8c115cf,Tibetan Terrier,tibetan-terrier,"Meet the shaggy philosopher who looks like they should be dispensing ancient wisdom from mountaintops but actually just wants to play fetch. Tibetan Terriers sport magnificent double coats that hide their eyes and most of their facial expressions, making them living mood rings?you never quite know what they're thinking. Originally bred as companions for Tibetan monks, they've mastered the art of being simultaneously spiritual and silly. Their compact, square build hides surprising athleticism; they're mountain dogs who can navigate rocky terrain like furry ninjas. These """"Holy Dogs"""" were never sold, only given as gifts, explaining their somewhat entitled attitude about treats and sleeping arrangements. Their weatherproof coats require dedication?think daily brushing sessions that qualify as meditation. Perfect for patient families who appreciate a medium-sized dog with big personality, don't mind grooming commitments, and enjoy living with a four-legged mystery who occasionally reveals glimpses of ancient canine wisdom.",Friendly and loyal companion,Medium,3,3,3,4,3,4,3,3,1,3,4,3,8,14,36,41,15,16,Double coat,Regular exercise,"High grooming needs with long, fine double coat requiring daily brushing to prevent matting",Holy dogs who learn respectfully but prefer training that acknowledges their sacred mountain heritage.,Tibet,Companion,purebred,,true,2025-11-21 06:05:05.806006+00,2026-01-17 02:12:21.301237+00,2,5,-30,20,,,
3546962e-5d22-4376-8231-78a766d20218,Cavapoo,cavapoo,"The Cavapoo is a purpose-built companion. A blend of the Cavalier King Charles Spaniel’s warmth and the Poodle’s intelligence, this small, affectionate cross was created for one main role: to be close to its people. And it takes that role seriously.

Physically, Cavapoos are compact, soft-coated, and expressive. Eyes tend to be large and gentle, ears feathered or softly curled, and the coat can range from loose waves to tighter curls depending on the Poodle influence. Many shed very little, though “hypoallergenic” is never a guarantee. What is guaranteed is grooming. Regular brushing and consistent trims are part of the deal if you want to avoid mats and that slightly dishevelled look.

Temperament is where the Cavapoo earns its reputation. They are typically gentle, affectionate, and socially tuned in. They thrive on attention and prefer to be involved in daily life rather than observing from across the room. If you’re on the sofa, they’re on your lap. If you’re working from home, they’re under the desk. This closeness makes them excellent companions but also means they can struggle with long periods alone. Separation issues can surface if independence isn’t encouraged early.

Thanks to their Poodle heritage, Cavapoos are bright and responsive. They tend to learn quickly and respond well to positive reinforcement. They don’t need heavy-handed training, they need clarity and consistency. Mental stimulation matters just as much as physical exercise. Puzzle toys, short training sessions, and simple games will keep that active little brain satisfied.

Energy levels are moderate. A daily walk and some indoor play usually cover it. They enjoy a good run around the yard or a quick game of fetch, but they’re not built for marathon sessions. Once exercised, they’re more than happy to settle in and relax.

They generally fit well with families, couples, and older owners. Their small size and friendly nature make them adaptable to apartments and houses alike. With early socialisation, most are comfortable around children and other pets.

The Cavapoo isn’t a guard dog or a rugged outdoor worker. It’s a companion through and through. Gentle, clever, and deeply attached, it’s the sort of dog that doesn’t just share your space, it shares your routine.","Affectionate, Gentle, Playful, Social",Medium,3,5,4,4,2,2,5,5,1,4,3,3,5,10,23,35,12,15,Wavy to Curly,Moderate,Regular brushing required,Easy to train,Australia,Non-Sporting,designer,,true,2025-12-13 05:44:02.368256+00,2026-01-17 02:12:21.301237+00,2,3,12,24,Cavalier King Charles Spaniel,Poodle (Miniature),F1
38b94d01-e9bf-4df0-8ded-1e27f7b91933,Plott Hound,plott-hound,"North Carolina's official state dog is basically a four-legged action movie hero with commitment issues ? utterly devoted to the hunt, easily distracted by squirrels. These brindle beauties were bred to track boar and bears through Appalachian wilderness, which explains their impressive stamina and complete inability to understand why you won't let them chase that interesting scent for three miles. With voices that could wake neighboring counties and noses that detect last week's dropped hamburger under the deck, they're living proof that enthusiasm can't be trained out, only redirected. They love their families fiercely but possess the attention span of a teenager when something more interesting appears. Perfect for active owners who enjoy hiking companions with strong opinions about which trail to take.",Friendly and loyal companion,Large,4,3,3,2,4,3,3,3,3,3,4,3,18,27,51,64,12,14,Silky coat,Regular exercise,"Low grooming needs with short, smooth coat requiring weekly brushing",Mountain hunters who'll learn but prefer training involving tracking and proper Appalachian outdoor protocols.,United States,Hound,purebred,,true,2025-11-21 06:05:11.834237+00,2026-01-17 02:12:21.301237+00,3,3,0,28,,,
39c218c7-2a94-462d-a514-5949e84bd935,Norwegian Elkhound,norwegian-elkhound,"Built like a Viking ship with legs, the Norwegian Elkhound is a spitz with serious outdoor credentials and an impressive resume hunting elk in harsh Nordic conditions. These silver-grey athletes move with purpose and sport the kind of thick coat that makes other dogs jealous during winter. They're independent thinkers who'll follow your lead until they spot something more interesting, at which point their hunting instincts kick in with laser focus. Originally trusted to track elk through Norwegian forests, they retain their stamina and an alarming ability to disappear into wilderness. They're loyal family dogs who love children but need owners who understand their need for exercise and mental stimulation. Think of them as furry outdoor enthusiasts who believe every walk should be an expedition and every backyard needs thorough patrol duties.",Friendly and loyal companion,Medium,4,3,2,3,4,3,2,2,1,3,2,3,20,25,49,52,12,15,Smooth coat,Regular exercise,Moderate to high grooming needs with dense double coat requiring brushing 2-3 times weekly,Arctic hunters who learn respectfully but prefer training with proper Scandinavian outdoor adventure context.,Norway,Working,purebred,,true,2025-11-21 06:05:10.649565+00,2026-01-17 02:12:21.301237+00,1,5,-40,15,,,
3c363e62-c53f-4754-90e9-10399b5b9412,Bedlington Terrier,bedlington-terrier,"Looking like a lamb who went to finishing school, the Bedlington Terrier is proof that appearances are wildly misleading. With that distinctive topknot, tasseled ears, and softly curved outline, they give off strong “tea at four” energy. In reality, there’s a terrier engine humming underneath the fluff.

Originally bred in Northumberland for hunting vermin and even competing in underground ratting contests, these dogs earned a reputation for toughness. They were once known as the “gypsy’s dog” for their working grit and versatility. Translation: this elegant silhouette was clearing mines and barns of rats long before it was posing for portraits.

Physically, they’re graceful and slightly arched through the back, which gives them that unique, almost whippet-like outline. They don’t plod. They glide. Or prance. It’s hard to tell whether they’re moving across the lawn or rehearsing for something theatrical. Then, without warning, they can switch gears and sprint like a small, determined missile. Athletic ability? Very real.

Temperament is a study in contrast. With their family, they’re typically affectionate, gentle, and surprisingly sensitive. They enjoy companionship and can be quite devoted. Strangers are assessed carefully. Other dogs? That depends. Bedlingtons carry a strong sense of dignity. If challenged, they’re unlikely to back down. Terrier fire does not vanish just because it’s wearing a soft grey coat.

Energy levels sit at moderate. They appreciate daily exercise and benefit from opportunities to run safely in secure spaces. A bored Bedlington may not redecorate the house dramatically, but it will find its own entertainment. Structured play and training keep that sharp mind satisfied.

Training requires consistency and fairness. They’re intelligent and capable, but they won’t respond well to heavy-handed methods. Positive reinforcement works best, especially when it feels like collaboration rather than command.

Grooming is part of the deal. That signature coat requires regular clipping and maintenance to keep it in proper shape. You can’t have a lamb silhouette without some effort.

The Bedlington Terrier suits owners who appreciate elegance with edge. You get refinement, humour, and loyalty wrapped around a surprisingly tough core. Sheep in appearance, wolf in attitude when required, and entirely convinced it carries itself better than most.","Gentle in looks but bold in spirit. Playful and affectionate, with surprising athleticism.",Small,4,3,3,3,4,3,3,3,1,3,3,3,8,10,38,44,11,16,Curly coat,"Enjoys 45?60 minutes of exercise each day, mixing walks with energetic play.",High grooming needs with curly coat requiring regular brushing and professional grooming every 6-8 weeks,Lamb-like appearance hiding a sharp terrier mind that questions every training decision.,United Kingdom,Terrier,purebred,https://cowzzajbwtqfmrocefaw.supabase.co/storage/v1/object/public/dog-breed-images/bedlington-terrier/bedlington-terrier-02.webp,true,2025-11-21 06:04:52.037029+00,2026-01-17 02:12:21.301237+00,3,3,0,28,,,
3c7970bb-23a8-4333-ac20-24f07e0d940f,Brittany (Brittany Spaniel),brittany-brittany-spaniel,"The athletic friend who makes everyone else look sedentary, Brittanys are compact bundles of barely-contained energy wrapped in gorgeous orange-and-white packages. These French hunting dogs move like they're perpetually late for something important, with intense expressions and tails that wag at hummingbird speeds. Originally bred to point and retrieve birds, they approach life with the focused enthusiasm of someone who's just discovered their life's purpose. Brittanys need serious exercise ? we're talking marathon-runner levels of activity. They're incredibly sweet and eager to please but can develop anxiety disorders if left understimulated. Perfect for active families who enjoy having a four-legged training partner. Warning: they will outrun, out-hike, and probably out-swim you while looking effortlessly elegant. Think athletic supermodel with ADHD.","Energetic, affectionate, and eager to work. Thrives in active households.",Medium,5,3,1,3,2,4,3,3,1,5,3,3,14,18,44,52,12,15,Double coat,"Requires 1?2 hours of energetic daily exercise, such as running, agility, or field work.","Moderate grooming needs with dense, flat coat requiring brushing 2-3 times weekly",Bird-obsessed athletes who'll learn quickly but get distracted by anything with feathers.,France,Sporting,purebred,,true,2025-11-21 06:04:46.139775+00,2026-01-17 02:12:21.301237+00,2,4,0,28,,,
3d50a106-efbf-44e0-a7f2-313af27b1a03,Boston Terrier,boston-terrier,"The dapper gentleman of the dog world, Boston Terriers strut around like they're wearing invisible tuxedos. These """"American Gentlemen"""" pack enormous personalities into compact, sturdy frames, with bug eyes that miss absolutely nothing and bat-like ears that pick up gossip from three blocks away. Originally bred for pit fighting (hard to imagine), they've evolved into charming comedians who think they're much larger than they actually are. Their flat faces make them snore like tiny freight trains and overheat faster than laptops, but their clever, mischievous nature keeps families entertained. They're surprisingly athletic despite their formal appearance, ready for adventures but equally happy being professional lap warmers. Perfect city companions who adapt to apartment living while maintaining their quirky, somewhat stubborn Boston charm.","Cheerful, charming, and adaptable. Great in cities and small spaces.",Small,2,4,2,2,3,3,5,4,1,4,2,3,5,11,38,43,11,15,Smooth coat,"Needs 30-60 minutes of moderate activity daily, including walks and indoor play.","Low grooming needs with short, smooth coat requiring weekly brushing and facial fold cleaning","""""American Gentlemen"""" who learn with charm and never let breeding get in the way of good manners.",United States,Companion,purebred,,true,2025-11-21 06:04:57.277944+00,2026-01-17 02:12:21.301237+00,1,2,5,20,,,
3dfb2f86-8072-48a2-af9c-5f2f305c8ed1,English Toy Spaniel,english-toy-spaniel,"Don't let the """"toy"""" label fool you ? the English Toy Spaniel is a tiny aristocrat with the confidence of a much larger dog. These compact companions were bred to warm the laps of British royalty, and they've never forgotten their blue-blooded heritage. With their distinctive domed heads and soulful eyes, they look like they're perpetually posing for a Renaissance painting. King Charles Spaniels are gentle, quiet souls who prefer civilized indoor activities to muddy adventures. They're excellent apartment dogs who think a vigorous walk around the block counts as extreme sports. These little charmers can be slightly aloof with strangers but are devoted to their families. They're perfect for people who want a portable, low-maintenance companion who brings dignity and warmth to any household without requiring marathon training sessions.",Friendly and loyal companion,Small,2,3,3,3,2,3,3,3,1,5,2,3,4,6,25,27,10,12,Silky coat,Regular exercise,Moderate grooming needs with silky coat requiring brushing 2-3 times weekly,Royal lap dogs who'll learn politely but prefer training sessions that don't interfere with palace duties.,United Kingdom,Toy,purebred,,true,2025-11-21 06:05:09.606038+00,2026-01-17 02:12:21.301237+00,3,3,0,28,,,
3e1d4451-baed-4f6d-b763-a199c8a56dbc,Entlebucher Mountain Dog,entlebucher-mountain-dog,"The smallest and spunkiest of the Swiss Mountain Dogs, the Entlebucher is like a compact SUV designed for Alpine adventures. These tri-colored dynamos were bred to herd cattle in Switzerland's mountain valleys, which explains their fearless attitude and impressive work ethic. With their distinctive markings and alert expressions, they look like they're always ready for their next assignment. Entlebuchers are intelligent, loyal, and surprisingly athletic for their size, but they're also independent thinkers who sometimes treat training suggestions as interesting conversation starters. They bond intensely with their families and can be protective, making them excellent watchdogs who take their security duties seriously. These dogs need jobs ? physical and mental challenges that prevent them from inventing their own entertainment, which usually involves creative landscaping or interior design projects you didn't approve.",Friendly and loyal companion,Large,4,3,2,2,3,4,3,3,1,3,2,3,20,30,42,50,11,15,Double coat,Regular exercise,"Low to moderate grooming needs with short, dense coat requiring weekly brushing",Swiss precision in a compact package - they'll learn efficiently and execute with Alpine accuracy.,Switzerland,Herding,purebred,,true,2025-11-21 06:04:57.401122+00,2026-02-20 23:08:38.89079+00,2,4,0,28,,,
40a2eabe-8d76-4c27-ba36-0d5224c5c9d9,Rottweiler,rottweiler,"Picture a bear who decided to become a professional hugger ? that's the Rottweiler contradiction. These black-and-tan powerhouses look like they could bench press a truck, but they're secretly marshmallows who think they're lap dogs, regardless of their 50-kilogram reality. Originally bred to drive cattle and pull butcher carts, they approach modern life with workmanlike dedication and surprising goofiness. Their expressive eyebrows give them remarkably human expressions, especially when they're plotting to steal your spot on the sofa. Despite their intimidating reputation, well-socialized Rotties are gentle giants who think children are delicate treasures requiring constant supervision. They need experienced owners who understand that beneath that tough exterior beats the heart of a devoted companion who just wants to lean against you until you topple over.","Confident, fearless, and good-natured guardian dogs. They are loyal to family but need proper socialization.",Giant,4,3,2,2,4,3,2,2,3,3,3,3,35,60,56,69,9,10,Smooth coat,"Moderate to high exercise needs. Daily walks, playtime, and mental stimulation important for well-being.","Low grooming needs with short, dense double coat requiring weekly brushing",German guardians who learn systematically and execute commands with professional security-level precision.,Germany,Working,purebred,,true,2025-11-21 06:04:57.9236+00,2026-02-20 23:08:38.89079+00,3,3,-5,28,,,
41213db2-8c98-4f80-ad0a-69b704dce296,Bullmastiff,bullmastiff,"Imagine a teddy bear that moonlights as a nightclub bouncer ? that's your Bullmastiff. These gentle giants were bred to be """"silent watchmen,"""" tackling poachers without barking, which explains their calm confidence and impressive stealth skills for dogs weighing more than most refrigerators. They move with surprising grace despite their massive frames, approaching life with the quiet dignity of someone who knows they could bench-press a small car but chooses not to show off. Bullmastiffs are incredibly gentle with families, especially children, but their protective instincts mean strangers get the full security assessment treatment. They're surprisingly low-energy for their size, content with moderate exercise and long napping sessions. Perfect for families wanting a loyal guardian who doubles as a living, breathing security system with excellent cuddle qualifications.","Powerful, protective, and devoted. A gentle giant with family but formidable to threats.",Giant,2,3,2,2,4,3,2,2,5,3,2,3,45,59,61,69,7,9,Smooth coat,"Requires 1?2 hours of daily activity, mixing walks with play and light work.","Low grooming needs with short, dense coat requiring weekly brushing","Gentle giants who learn slowly but permanently - like programming a very large, very lovable computer.",United Kingdom,Working,purebred,,true,2025-11-21 06:04:46.910275+00,2026-02-20 23:08:38.89079+00,3,3,0,28,,,
413c7711-ccc6-4567-af87-eb7d2e0a05a8,Appenzeller Sennenhund,appenzeller-sennenhund,"Meet Switzerland’s caffeinated cattle dog. The Appenzeller Sennenhund is compact, muscular, and wired like it’s had two espressos before sunrise. Built to herd cattle across steep Alpine terrain, this breed moves with the balance and confidence of a mountain guide who’s late for work.

That striking tri-colour coat isn’t just for show. It’s classic Swiss farm dog kit. Black base, rich rust markings, crisp white blaze. Clean, bold, and practical. Underneath it sits a body designed for stamina, not lounging. These dogs can pivot, sprint, and climb with ridiculous ease. Watching one work stock is like watching a coiled spring with a brain.

And that brain is the headline. Appenzellers are sharp. Not “sit for a biscuit” sharp. More “I’ve already worked out how that latch works” sharp. Give them five minutes and they’ll study your routine, your doors, your cupboards, and your weak spots. Mental stimulation is not optional. If you don’t give them structured work, they’ll invent their own projects. You may not enjoy the results.

They are intensely loyal to their people and deeply bonded to their household. Affectionate, yes. Clingy, not quite. They like to be involved. In everything. Cooking dinner? They’re supervising. Mowing the lawn? They’re managing traffic. Kids running around? Excellent, finally something to organise.

Herding instinct is real and strong. That means nipping at heels, circling movement, and occasionally attempting to “direct” family members or other pets. Early training and clear boundaries matter. They respond brilliantly to positive, consistent leadership, especially when it feels like teamwork. They are not a breed that tolerates boredom or vague instructions.

Energy levels are high. A quick walk around the block won’t cut it. Think structured exercise, agility, obedience work, scent games, hiking. They thrive when they have a job and a reason to use both body and mind.

This is not a decorative dog for a quiet flat. It’s a working partner in a compact, athletic frame. In the right home, the Appenzeller Sennenhund is bright, bold, and relentlessly devoted. Just understand one thing: if you bring home a Swiss cattle dog, you are no longer running the household alone.","Energetic, intelligent, and versatile. Loves to work and needs space to burn off its energy.",Large,5,3,2,3,4,4,2,2,1,3,3,3,22,32,48,58,13,15,Double coat,"Needs 1-2 hours of active exercise, ideally with tasks or sports to challenge its working drive.","Low to moderate grooming needs with double coat requiring weekly brushing, more frequent during shedding",Swiss precision meets herding drive - they'll learn perfectly but let be know if you're wrong.,Switzerland,Working,purebred,,true,2025-11-21 06:05:08.168349+00,2026-02-20 23:08:38.89079+00,2,4,0,28,,,
42e15e86-eb9b-42ff-b5b6-abca05a78fac,Icelandic Sheepdog,icelandic-sheepdog,"Picture a fox who decided to become a dog and never quite lost the wild sparkle in their eyes. Icelandic Sheepdogs are spitz-type herders with curled tails that wag like happy question marks and coats designed for surviving Nordic winters. These hardy islanders are the ultimate multi-tool dogs: they herd sheep, alert to visitors, and provide entertainment with their playful antics. They're chatty companions who believe every moment deserves commentary, from the mailman's arrival to the suspicious behavior of that suspicious squirrel. Their wolf-like features hide hearts full of sunshine and mischief. They're confident, cheerful, and slightly dramatic ? the kind of dog who turns a simple walk into an epic adventure worthy of Icelandic sagas.",Friendly and loyal companion,Medium,4,3,2,3,4,3,3,3,1,3,2,3,11,14,42,46,12,14,Silky coat,Regular exercise,Moderate to high grooming needs with double coat requiring brushing 2-3 times weekly,Viking herders who'll learn but occasionally wonder why training doesn't involve more sheep and Nordic weather.,Iceland,Herding,purebred,,true,2025-11-21 06:04:42.616957+00,2026-01-17 02:12:21.301237+00,1,5,-40,15,,,
43f749ee-6262-46ba-a1a9-d3915607ba51,Goldador,goldador,"The Goldador is what happens when two of the most reliable family dogs on the planet compare notes and decide to collaborate. A cross between the Golden Retriever and the Labrador Retriever, this designer mix blends the sociability of the Golden with the steadiness and work ethic of the Lab.

From the Labrador side, the Goldador inherits athleticism, food motivation and a deep desire to work alongside humans. Labs were bred to retrieve waterfowl in harsh conditions, which means drive, stamina and trainability are built in. From the Golden Retriever, the Goldador gains softness of temperament, emotional sensitivity and that famously gentle way with children.

The result is typically a confident, outgoing and affectionate large dog that thrives in family environments. They are people-oriented without being fragile, energetic without being frantic, and highly cooperative in training. Many Goldadors are used as service dogs, therapy dogs and assistance dogs because of this predictable combination of traits.

Physically, they resemble a slightly broader Golden or a slightly longer-coated Lab. Most have a dense double coat that can range from short and Lab-like to slightly feathered like a Golden. Colours are usually gold, cream, yellow or black. Whatever the variation, shedding is real. This is not a low-maintenance coat.

They are built for activity. A bored Goldador is a creative Goldador, and creativity at 30-plus kilograms can involve furniture rearrangement. With the right structure and exercise, however, they are famously easygoing companions who want nothing more than to be involved in whatever their people are doing.","Friendly, steady, intelligent and highly social. Goldadors usually inherit the Labrador’s enthusiasm and the Golden’s gentle nature. They bond strongly with family, tend to be welcoming rather than suspicious with strangers, and are particularly patient with children. Their temperament is one of their greatest strengths.",Large,4,5,5,3,2,4,2,5,2,3,4,3,27,36,56,64,10,12,Double Coat,"High but manageable. Expect at least 60–90 minutes of daily exercise. This can include brisk walks, retrieving games, swimming or structured training. Mental stimulation matters just as much as physical output. Both parent breeds were bred as working retrievers, so carrying, fetching and problem-solving activities suit them perfectly.","Moderate. Weekly brushing is the minimum, with more frequent brushing during seasonal shedding. Their double coat sheds consistently, especially in warmer months. Baths as needed, ears checked regularly, especially if they swim often. Not complex, but consistent.","Highly trainable and eager to please. They inherit strong food motivation from the Labrador side and responsiveness from the Golden. Positive reinforcement works exceptionally well. Early training is important simply because of their size. A well-trained Goldador is a dream. An untrained one is a large, enthusiastic toddler.",United States,Sporting,designer,https://cowzzajbwtqfmrocefaw.supabase.co/storage/v1/object/public/dog-breed-images/goldador/goldador-02.webp,true,2025-12-13 05:44:02.368256+00,2026-01-17 02:12:21.301237+00,2,4,8,26,Golden Retriever,Labrador Retriever,F1
43f80718-f955-4f3e-91cb-be32f10b476b,Berger Picard,berger-picard,"Looking like they were assembled from spare terrier parts and handed a baguette, the Berger Picard carries permanent “artfully windswept” energy. The coat is rough and tousled, the ears upright and alert, and the eyebrows so expressive they deserve their own agent.

This is one of France’s oldest herding breeds, developed to manage sheep in open farmland without fuss or theatrics. The Picard does not do flashy. It does practical. Under that charmingly scruffy exterior is a genuine working dog with stamina, awareness, and a strong sense of purpose.

The coat appears immune to grooming trends. Brush it, tidy it, admire it. It will still look like it just finished supervising livestock in a light breeze. Fortunately, maintenance is moderate. That wiry texture is naturally weather-resistant and doesn’t demand the high drama of some long-coated breeds.

Temperament is thoughtful rather than frantic. Energy levels are moderate to high. They enjoy proper exercise and mental stimulation, but they’re not wired like a Belgian Malinois. Think steady engagement rather than constant intensity. A long walk, some structured training, and meaningful interaction keep them balanced.

Intelligence is solid and slightly independent. The Berger Picard prefers collaboration over blind obedience. Training works best when it feels like teamwork. Heavy-handed methods will be met with polite resistance. Clear direction, consistency, and a bit of humour go a long way. They are not stubborn for the sake of it. They simply like to understand why.

With family, they are loyal, affectionate, and quietly devoted. Not overly clingy, but very present. They tend to form strong bonds and can be protective without being reactive when properly socialised.

The Berger Picard suits active owners who appreciate authenticity over polish. You get a dog that looks like it wandered out of a French countryside film set but works like it means business. Slightly scruffy, deeply loyal, and entirely convinced that partnership is a two-way street.","Rustic, intelligent, and a little mischievous. A devoted companion with plenty of character.",Large,4,3,2,3,3,3,3,3,1,3,3,3,23,32,55,65,12,14,Wire coat,"Needs 1?2 hours of exercise daily, mixing walks, play, and structured training.","Moderate grooming needs with harsh, wiry coat requiring weekly brushing and minimal trimming",French free spirits who'll learn but insist on adding their own Gallic flair to every command.,France,Herding,purebred,https://cowzzajbwtqfmrocefaw.supabase.co/storage/v1/object/public/dog-breed-images/berger-picard/berger-picard-01.webp,true,2025-11-21 06:05:07.77581+00,2026-02-20 23:08:38.89079+00,3,3,0,28,,,
44796fdf-2469-489d-bcc7-64710b960aac,Glen of Imaal Terrier,glen-of-imaal-terrier,"The Glen of Imaal Terrier looks like they should be selling insurance, not hunting badgers, but these sturdy Irish natives are surprisingly fearless. With their distinctive wheaten coat and endearingly wonky front legs, they move with the determined waddle of someone late for an important appointment. They're the strong, silent type who prefer actions to yapping, making them possibly the quietest terrier ever bred. These gentle souls are excellent with children but still retain enough terrier sass to keep life interesting. Think of them as the diplomatic corps of the terrier world.","Bold, independent, and fun-loving.",Medium,4,3,3,3,4,3,3,3,1,3,3,3,16,16,32,36,10,14,Wire coat,Moderate  daily walks and play sessions.,Moderate grooming needs with double coat requiring weekly brushing and occasional stripping,Irish terriers who'll learn but with enough Celtic stubbornness to keep things interesting.,Ireland,Terrier,purebred,,true,2025-11-21 06:04:56.106191+00,2026-01-17 02:12:21.301237+00,3,3,0,28,,,
47cafaa4-43b3-4577-9e76-348f9b4bb0db,Lhasa Apso,lhasa-apso,"The Lhasa Apso is Tibet's former palace guardian disguised as a flowing-haired fashionista. Originally bred to guard Tibetan monasteries and palaces, they take their security job seriously despite looking like they should be in a shampoo commercial. That gorgeous floor-length coat was practical in harsh mountain climates but requires serious commitment from modern owners. Beneath all that hair lives a confident, sometimes aloof little character who's perfectly happy being the only dog in your heart. They're suspicious of strangers but devoted to their families, with a surprisingly deep bark that suggests they forgot to check their size in the mirror. Perfect for owners wanting a beautiful, independent companion who won't follow them around like a shadow.","Lhasa Apso is friendly, adaptable, and full of character. They thrive in loving homes and enjoy an active, engaged lifestyle.",Small,2,3,4,5,4,4,3,3,1,3,2,3,5,8,24,28,12,15,Double coat,Moderate to high depending on breed.,"Very high grooming needs with long, heavy double coat requiring daily brushing or professional grooming for shorter cuts",Tibetan palace dogs who'll learn but maintain royal prerogatives regarding command compliance schedules.,Tibet,Companion,purebred,,true,2025-11-21 06:04:48.257221+00,2026-01-17 02:12:21.301237+00,2,4,10,32,,,
495fb4de-5002-4a99-9b0a-f6186e78d06b,Cavoodle (Cavalier King Charles Spaniel + Poodle),cavoodle-cavalier-king-charles-spaniel-poodle,"The teddy bear that came to life and decided to become everyone's best friend. These irresistibly fluffy crosses combine Poodle intelligence with Cavalier sweetness, creating companions who are both smart cookies and emotional support specialists. Their low-shedding, curly coats make them popular with allergy sufferers, though they require regular grooming to prevent looking like adorable tumbleweed. Size varies depending on Poodle parent, but personality remains consistently delightful. They're eager to please, easy to train, and possess an almost supernatural ability to read human emotions. Their moderate exercise needs and adaptable nature make them perfect for various lifestyles. Ideal for families wanting a cuddly, intelligent companion who'll master tricks and melt hearts with equal expertise.","Affectionate, intelligent, and friendly. A popular family pet.",Small,2,3,1,4,2,3,3,3,1,5,2,3,5,12,28,38,12,15,Silky coat,"Requires 30?45 minutes of moderate activity daily, including short walks and games.",High grooming needs with wavy to curly coat requiring brushing every 2-3 days and professional grooming,Cavalier charm meets Poodle smarts - they'll learn tricks then perform them with regal flair.,Mixed,Designer,purebred,,true,2025-11-21 06:05:08.55642+00,2026-01-17 02:12:21.301237+00,3,3,0,28,,,
498eed0c-15c1-4333-8b13-8e3fdacccc37,German Shepherd Dog,german-shepherd-dog,"The German Shepherd is basically a four-legged Swiss Army knife ? versatile, reliable, and ready for any job you throw at them. These noble working dogs have such intense focus that they make other breeds look like they have attention deficit disorder. Originally bred to herd sheep in Germany, they've since mastered every dog job imaginable, from police work to therapy visits to starring in movies. German Shepherds are the honor students of the dog world, learning commands quickly and remembering them forever. They shed enough fur to knit sweaters for small villages and have an alarming ability to appear wherever you are, like furry shadows with separation anxiety. These dogs need jobs, training, and owners who understand their intelligence and drive. They're perfect for experienced dog owners who want a loyal, trainable companion who doubles as home security and hiking partner.","Alert, focused, and hardworking.",Large,4,3,2,3,4,4,2,2,3,3,2,3,22,40,55,65,7,10,Double coat,Moderate exercise needed,High grooming needs with double coat requiring brushing 2-3 times weekly and intensive seasonal grooming,Professional students who'll master complex training then apply for advanced degrees in obedience.,Germany,Herding,purebred,,true,2025-11-21 06:04:47.720255+00,2026-01-17 02:12:21.301237+00,2,4,0,28,,,
4a5bea84-3cf7-43af-9575-a0ec76ca1a6b,Bichon Frise,bichon-frise,"magine a cotton ball achieved sentience, learned basic charm offensive tactics, and decided the world needed more joy. That’s the Bichon Frise. A small, white cloud of enthusiasm with legs.

Originally travelling with Mediterranean sailors, because apparently even pirates needed morale support, the Bichon built a career on companionship. Their job description has remained consistent for centuries: be delightful, look adorable, and win over absolutely everyone.

Physically, they’re compact, usually around 5 to 8 kg, with that signature white, curly coat that gives them their powder-puff silhouette. “Hypoallergenic” is often mentioned, and while many allergy sufferers tolerate them well, the coat comes with terms and conditions. Regular brushing and professional grooming are non-negotiable. Skip appointments and your elegant cloud may start resembling a lightly distressed tumbleweed.

Temperament is pure optimism. Bichons are famously social. Strangers are not threats. They are future friends. Other dogs? Excellent. Children? Wonderful. The postie? Possibly the highlight of the day. They thrive on interaction and do not appreciate being left alone for long stretches. Separation anxiety risk can creep up if independence isn’t gently encouraged.

Energy levels sit in the moderate range. They enjoy walks and play, but they’re not demanding marathon sessions. A lively game in the yard and a proper daily outing usually do the trick. What they truly crave is involvement. Being part of the family is their favourite sport.

Intelligence often surprises people. Under all that fluff is a sharp little mind. They respond well to positive reinforcement and enjoy learning tricks, partly because it earns treats, partly because applause is acceptable currency. They have a natural comedic streak and will happily perform if it keeps the room entertained.

The Bichon Frise suits families, couples, and individuals who want an affectionate, upbeat companion and are prepared to commit to grooming. You won’t get a stoic guardian or a rugged adventurer. You will get a cheerful, people-focused dog that believes every day is an event worth celebrating. And honestly, that’s not a bad outlook to live with.","Playful, cute and toylike, these lovely little dogs make excellent companions and family pets.",Small,2,2,2,5,4,2,5,3,1,3,3,3,5,8,23,30,14,15,Curly coat,Requires 30-45 minutes of moderate exercise daily including walks and indoor play sessions.,"Very high grooming needs with curly, hypoallergenic coat requiring daily brushing and professional grooming every 6-8 weeks","Fluffy entertainers who'll learn tricks eagerly, especially if applause is involved.",France,Non-Sporting,purebred,https://cowzzajbwtqfmrocefaw.supabase.co/storage/v1/object/public/dog-breed-images/bichon-frise/bichon-frise-01.webp,true,2025-11-21 06:04:57.800594+00,2026-01-17 02:12:21.301237+00,4,3,5,30,,,
4ac94f68-081b-4776-9d60-59b77b32af07,Yorkipoo,yorkipoo,"A tiny, confident companion with terrier spunk. Low-shedding coat ideal for allergy sufferers, but can be yappy.","Confident, Affectionate, Energetic, Feisty",small,4,3,4,4,4,1,5,3,1,4,3,4,2,5,18,28,12,15,Silky to Curly,Low,Daily brushing recommended,Easy to train,United States,Hybrid,designer,,true,2025-12-13 05:44:02.368256+00,2026-01-17 02:12:21.301237+00,2,2,15,24,Yorkshire Terrier,Poodle (Toy),F1
4ad8c6aa-8398-4453-a5fc-6dea1fcd2486,Pekingese,pekingese,"The Pekingese carries themselves like displaced royalty who's slightly offended by modern life but willing to tolerate it with dignified resignation. These living teddy bears were bred exclusively for Chinese emperors, and they've never quite gotten over their imperial origins. They approach walks like royal processions, stopping frequently to ensure their subjects (you) are keeping up with their leisurely pace. With faces that look permanently unimpressed and coats that require more maintenance than a teenage girls' hair, they're high-maintenance companions who reward devotion with surprising loyalty. They're natural comedians who take themselves very seriously while doing ridiculous things like refusing to walk through puddles or demanding to be carried when the pavement seems beneath their station. Perfect for owners who appreciate a dog with strong opinions, low exercise needs, and the confidence to judge everyone while looking adorable doing it.","Pekingese is friendly, adaptable, and full of character. They thrive in loving homes and enjoy an active, engaged lifestyle.",Small,2,3,4,4,4,4,3,3,1,3,3,3,3,6,15,23,12,14,Double coat,"Moderate to low. Not quite couch potatoes, but prettry close.","High grooming needs with long, flowing double coat requiring daily brushing and regular facial cleaning",This dog thinks it's rouyalty and acts like it when it comes to training.,China,Companion,purebred,,true,2025-11-21 06:04:41.151057+00,2026-02-20 23:08:38.89079+00,2,4,10,32,,,
4be1a6b0-b857-45f2-968e-dc842b92c280,Komondor,komondor,"Picture a walking mop that decided to become a dog ? meet the Komondor, Hungary's ancient guardian extraordinaire. Those iconic dreadlocks aren't just a fashion statement; they're armor against wolf bites and weather, developed over centuries of protecting livestock on the Hungarian plains. Underneath all that corded glory lives a serious, intelligent protector who takes their job very seriously indeed. They're gentle giants with their families but can be suspicious of strangers, which makes sense when your day job involves staring down predators. Living with a Komondor means accepting that grooming is less """"brush and go"""" and more """"archaeological dig."""" They need experienced owners who understand guardian breeds ? these aren't Golden Retrievers in fancy coats.","Komondor is friendly, adaptable, and full of character. They thrive in loving homes and enjoy an active, engaged lifestyle.",Giant,2,3,2,5,4,4,2,2,3,3,4,3,40,60,65,76,10,12,Double coat,Moderate to high depending on breed.,Very high grooming needs with corded coat requiring specialised care to maintain cords,"Mop-like guardians who'll learn selectively, preferring commands that don't interfere with flock protection.",Hungary,Working,purebred,,true,2025-11-21 06:04:51.782133+00,2026-02-20 23:08:38.89079+00,2,5,-30,20,,,
4ca5f5f4-d05e-4e81-ace2-3ab19694e15d,Pharaoh Hound,pharaoh-hound,"Ancient Egypt's contribution to canine elegance, these living hieroglyphs possess the rare ability to blush ? their ears and nose actually turn pink when excited, like a dog-shaped mood ring. Sleek as a bronze statue but with the zoomies of a caffeinated greyhound, they're built for speed and grace, then promptly trip over their own feet in endearing displays of athletic awkwardness. Originally rabbit hunters on Malta, they combine aristocratic bearing with surprising goofiness, often found striking majestic poses one moment and stealing socks the next. Their amber eyes hold ancient wisdom and modern mischief in equal measure. These sensitive souls need gentle handling ? they're more """"please and thank you"""" than """"yes sir, no sir"""" types, requiring patient owners who appreciate refinement with a side of silly.",Independent but affectionate at home.,Medium,4,3,3,2,3,3,3,3,1,3,4,3,18,27,53,64,12,14,Silky coat,High  loves long walks and sniffing everything.,"Low grooming needs with short, fine coat requiring weekly brushing",Ancient Egyptian royalty who'll learn but prefer training that acknowledges their historical significance.,Malta,Hound,purebred,,true,2025-11-21 06:05:04.61128+00,2026-02-20 23:08:38.89079+00,5,2,10,35,,,
4dee848b-6ff3-489e-a1ab-049b94cf1201,Labradoodle,labradoodle,"An energetic, friendly cross bred originally as a hypoallergenic guide dog. Combines Labrador enthusiasm with Poodle intelligence.","Friendly, Energetic, Intelligent, Playful",large,5,5,5,4,2,2,2,5,2,3,4,3,25,35,53,65,12,15,Wavy to Curly,High,Regular brushing required,Highly trainable,Australia,Hybrid,designer,,true,2025-12-13 05:44:02.368256+00,2026-01-17 02:12:21.301237+00,3,4,10,26,Labrador Retriever,Poodle (Standard),F1
4e6e2bf5-4e55-4f80-9a4e-c38a5a74ed27,Miniature Schnauzer,miniature-schnauzer,Picture a distinguished German gentleman shrunk down to lap-dog size but retaining all their serious opinions about proper behaviour. These bearded little philosophers sport magnificent whiskers that make them look like tiny professors which suits their clever personalities perfectly. Originally bred as ratters and small farm dogs they approach everything with German efficiency and unwavering confidence. They're the friend who remembers everyone's birthday and maintains impeccable standards. Miniature Schnauzers bond deeply with their families while maintaining a healthy awareness of their surroundings. Their wiry coats require regular grooming to maintain their distinguished appearance. Intelligent trainable and surprisingly athletic they're ideal for active families who appreciate a dog with both strong character and devoted loyalty.,Friendly and loyal companion,Small,2,3,2,4,4,3,2,2,1,3,3,3,5,9,30,36,11,15,Harsh wire coat,More than you'd expect from a small dog. Very active breed.,High grooming needs with wiry double coat requiring regular brushing and professional grooming every 6-8 weeks,Responds well to training and socialisation,Germany,Working,purebred,,true,2025-11-21 06:04:41.294111+00,2026-01-17 02:12:21.301237+00,3,3,0,28,,,
4f659fc7-f842-42a0-b281-ec4e484c6598,Dalmatian,dalmatian,"Dalmatians are basically dogs wearing formal wear to a casual party ? they look incredibly sophisticated with their crisp black spots on white coats, but they're actually high-energy comedians who never got the memo about being dignified. Originally bred to run alongside horse-drawn carriages (explaining their legendary endurance), they approach modern life like marathon runners trapped in suburbia. They're intelligent, loyal, and utterly devoted to their families, but their energy levels could power a small city. Without adequate exercise and mental stimulation, they'll redecorate your home with the creativity of abstract artists. Their unique genetics mean they can be prone to deafness and kidney stones ? beauty comes with a price. Perfect for active families who don't mind having a spotted shadow following them everywhere.","Energetic, playful, and sensitive dogs. They are loyal to their family but can be reserved with strangers.",Large,5,3,2,2,3,4,2,3,3,3,4,3,20,32,48,61,11,13,Smooth coat,"Needs 1?2 hours of exercise daily, including running or agility.","Low grooming needs with short, dense coat requiring weekly brushing (sheds year-round)",Spotted athletes who'll learn energetically but prefer training sessions that involve running to fire stations.,Croatia,Sporting,purebred,,true,2025-11-21 06:04:51.110565+00,2026-02-20 23:08:38.89079+00,4,3,5,30,,,
4fc790f0-1fa9-4f37-b04a-2d5fa2bb2bc1,Saluki,saluki,"Meet the supermodel of the sighthound world ? a dog so elegantly proportioned they look like they stepped off an ancient Egyptian wall painting. These aristocratic athletes were once considered sacred by Arab nomads, and they still carry themselves with the grace of someone who knows they're basically canine royalty. Their silky ears and long legs give them an otherworldly beauty, but don't expect them to pose for photos unless they're in the mood. Independent as cats and twice as aloof, they'll love you deeply but on their own terms. Built for speed, they can go from zero to """"where did my dog go?"""" in seconds flat. They need secure yards and patient owners who understand that recall is more of a suggestion than a command to these desert princesses.",Friendly and loyal companion,Large,4,3,2,2,1,4,3,3,2,3,3,3,16,29,58,71,10,17,Double coat,Regular exercise,Low to moderate grooming needs with short coat and feathering requiring weekly brushing,Arabian royalty who'll consider your training suggestions but reserve final approval based on ancient desert wisdom.,Middle East,Hound,purebred,,true,2025-11-21 06:04:45.865645+00,2026-01-17 02:12:21.301237+00,2,4,10,35,,,
4ffe9623-b40d-42c7-9f4c-2f68e9c26b59,Norwegian Lundehund,norwegian-lundehund,"Nature's most over-engineered dog, the Lundehund is like someone asked """"what if we made a dog specifically for impossible cliff-climbing missions?"""" These remarkable athletes have six toes per foot, ears that close like shutters, and can bend their heads backward to touch their spines?basically, they're canine contortionists. Originally bred to hunt puffins on Norwegian cliffs, they developed supernatural flexibility and climbing skills that defy physics. They're rare, quirky, and possess an independence that borders on cat-like aloofness. Living with a Lundehund means accepting that your dog might occasionally fold in half just because they can, and that normal dog logic doesn't apply. They need experienced owners who appreciate their unique heritage and don't mind explaining to confused veterinarians why their dog has extra toes and supernatural joint flexibility.","Norwegian Lundehund is friendly, adaptable, and full of character. They thrive in loving homes and enjoy an active, engaged lifestyle.",Small,4,3,3,3,4,4,3,3,1,3,3,3,6,7,32,38,12,14,Double coat,Moderate to high depending on breed.,Moderate grooming needs with dense double coat requiring brushing 2-3 times weekly,"Puffin hunters who'll learn uniquely - they have extra toes and can close their ears, so why not extra tricks?",Norway,Terrier,purebred,,true,2025-11-21 06:04:47.966399+00,2026-01-17 02:12:21.301237+00,2,4,0,28,,,
50747f19-7108-42e4-8843-c3bc9a24e4cb,Pomsky,pomsky,A striking mini-Husky look with Pomeranian sass. High energy and vocal nature require experienced owners. Size varies significantly.,"Playful, Energetic, Intelligent, Vocal",small,4,3,3,4,4,4,3,3,1,3,4,2,7,14,25,40,12,15,Double Coat,Moderate,Regular brushing required,Moderate difficulty,United States,Hybrid,designer,,true,2025-12-13 05:44:02.368256+00,2026-01-17 02:12:21.301237+00,2,5,0,20,Pomeranian,Siberian Husky,F1
5074e2ea-0836-4b9a-b2de-fdccd4dcec5e,Catalburun,catalburun,"Turkey's split-nosed wonder looks like they walked into a glass door, but that distinctive divided nose is actually their signature feature. These rare pointing dogs are living proof that unique can be beautiful, even if they look perpetually surprised by their own reflection. Originally bred for hunting in Turkish terrain, they're athletic, intelligent, and completely unbothered by their unusual appearance. Their split nose actually enhances their scenting ability, making them exceptional trackers despite looking like a canine optical illusion. Loyal and gentle with families but reserved with strangers, they need experienced owners who appreciate their working heritage. These rare beauties are perfect for those wanting a conversation starter that's also a capable, devoted companion. Warning: prepare for endless """"what happened to their nose?"""" questions.",Friendly and loyal companion,Medium,4,3,2,2,4,3,2,2,1,3,4,3,11,18,40,63,12,15,Curly coat,Regular exercise,Low to moderate grooming needs with short coat requiring weekly brushing,"Rare Turkish hunters who'll learn but always with that """"you're lucky I'm even here"""" attitude.",Turkey,Working,purebred,,true,2025-11-21 06:04:51.509701+00,2026-01-17 02:12:21.301237+00,3,3,0,28,,,
511b03c0-e80e-49c5-8922-a0e0f32fd2c4,Petit Basset Griffon Vendeen,petit-basset-griffon-vendeen,"Looking like they stuck their paw in an electrical socket and decided they liked the look, PBGVs are France's contribution to """"maximum personality, minimum grooming requirements."""" These shaggy scamps were bred to hunt rabbits through French brambles, explaining their wiry coat and devil-may-care attitude toward personal hygiene. With eyebrows that would make a stern librarian jealous and beards that collect yesterday's dinner, they're living proof that style matters less than enthusiasm. They approach life like perpetual teenagers ? boundless energy, selective listening, and an unshakeable belief that every day should involve adventure and possibly some light mischief. Independent thinkers who'll love you fiercely while completely ignoring your commands, they're perfect for owners who appreciate character over obedience.",Friendly and loyal companion,Medium,4,3,3,3,4,3,3,3,1,3,3,3,11,18,34,38,14,16,Wire coat,Regular exercise,"Moderate grooming needs with rough, harsh coat requiring weekly brushing and occasional stripping",French hunters who learn with Gallic charm but occasionally ignore commands that conflict with scent trails.,France,Hound,purebred,,true,2025-11-21 06:04:50.085348+00,2026-02-20 23:08:38.89079+00,3,3,0,28,,,
55fce1b7-4c89-44f2-9e87-56a43ff1658a,Border Collie,border-collie,"The overachiever who makes other dogs look lazy, Border Collies are basically Einstein with four legs and an anxiety disorder about sheep. These intense workaholics were bred to outsmart livestock and haven't stopped overthinking since. With laser-focused eyes that can guilt you into throwing a ball at 6 AM, they're perpetual motion machines wrapped in medium-sized, athletic packages. Wickedly intelligent but prone to neurotic episodes if understimulated, they'll happily reorganize your household ? whether you want it or not. They excel at every dog sport ever invented and probably a few they made up. Perfect for active families who enjoy having a furry personal trainer that never takes days off. Warning: they will stare at you until you acknowledge their intellectual superiority.","Brilliant, energetic, and focused. Needs mental and physical challenges daily.",Medium,5,4,1,3,3,4,1,3,1,3,3,3,14,20,46,56,12,15,Double coat,"Needs 1?2 hours of intense exercise daily, including training and tasks to challenge the mind.",Moderate to high grooming needs with double coat requiring brushing 2-3 times weekly and seasonal grooming,You'll wonder who's training whom - these dogs are wicked clever and slightly unsettling in their intelligence.,United Kingdom,Herding,purebred,,true,2025-11-21 06:04:54.008607+00,2026-01-17 02:12:21.301237+00,2,4,-10,25,,,
5a6a82ec-9826-4b46-ba92-dc49363f26ff,American Staffordshire Terrier,american-staffordshire-terrier,"Picture a compact powerhouse built like a middleweight boxer who knows he can throw a punch but would rather throw a cuddle. The American Staffy carries himself with quiet confidence. Broad chest, solid neck, that square jaw and the kind of grin that looks almost human. He knows he looks good. He’s not shy about it.

Under the muscle is a dog that runs on loyalty. These are people dogs. Not “I’ll tolerate you” dogs. More “where are we going and why aren’t I coming?” dogs. They bond hard and they mean it. Leave the house without them and they’ll act like you’ve just announced a permanent relocation to Mars.

They’ve got strength, yes. They’ve also got a soft centre. A well-bred American Staffordshire Terrier is stable, affectionate and surprisingly sensitive. They read their people well. Raise your voice and you’ll see it land. Praise them and they’ll glow like you just handed them a medal.

They’re athletic and capable, but not chaotic. Give them structure, daily exercise and clear rules and they thrive. Skip the leadership part and they’ll happily invent their own job description. Usually as head of household security.

And then there’s bedtime. This solid, 25 to 32 kg block of muscle will attempt to fold himself under your doona like a clingy toddler who forgot he’s built like a kettlebell. Swagger by day. Velcro by night.

The American Staffy suits someone who appreciates strength wrapped in loyalty. Firm but fair leadership, proper socialisation, and time together. Do that and you’ll get a dog who would quite literally walk through walls for you, then roll on his back and ask for a belly rub five minutes later.","Confident, courageous, and affectionate. Loves to be part of family life and excels with firm but fair training.",Large,4,3,2,3,4,3,3,3,1,3,3,3,25,32,43,48,12,16,Smooth coat,"Needs at least an hour of daily activity, including brisk walks and play sessions.",Low grooming needs with short coat requiring weekly brushing and occasional baths,Athletic overachievers: a jock with a brain.,United States,Terrier,purebred,,true,2025-11-21 06:05:02.069735+00,2026-02-20 23:08:38.89079+00,3,3,0,28,,,
5bab118e-c185-4433-9b4e-c44662223840,Portuguese Water Dog,portuguese-water-dog,"Meet the canine equivalent of an Olympic swimmer who decided to become a professional cuddler ? Portuguese Water Dogs are aquatic athletes with the work ethic of overachievers and the hearts of teddy bears. These curly-coated champions can swim like dolphins, retrieve like professionals, and charm like politicians, making them the ultimate Renaissance dogs. Originally fishermen's helpers off Portuguese coasts, they approach every body of water like it's a personal invitation to show off their backstroke. Their hypoallergenic coats require maintenance schedules that would intimidate a hair salon, but reward you with a dog that won't trigger sneezes while stealing your heart. They're people-pleasers with PhD-level intelligence and the energy to match, meaning they'll happily learn any task you can think up. Perfect for active families who want a brainy, beautiful companion that doubles as a four-legged lifeguard.",Friendly and loyal companion,Medium,4,3,2,4,4,3,2,2,1,3,2,3,16,27,43,57,11,13,Smooth coat,Regular exercise,High grooming needs with curly or wavy coat requiring brushing every 2-3 days and professional grooming,Presidential swimmers who master water work but approach land training with aquatic superiority.,Portugal,Working,purebred,,true,2025-11-21 06:05:04.489662+00,2026-01-17 02:12:21.301237+00,3,3,0,28,,,
5c4ce05e-c60e-49b6-84dc-da57c55841cf,American Foxhound,american-foxhound,"Meet the marathon runner of the dog world, if marathon runners sang opera at 5 am and could track a sandwich from space. The American Foxhound is all legs, lungs, and optimism, bred to move all day and then ask what’s next. George Washington himself helped refine the breed, which explains the aristocratic confidence and total disregard for modern leash etiquette. Built like a four-legged sports car, they’re light, fast, and efficient, with stamina that borders on rude. They’re friendly to a fault, assuming strangers are just friends they haven’t met yet, and they usually get along with other dogs and even cats, though squirrels remain an unsolved international crisis.

That legendary voice is part of the package. Foxhounds don’t bark, they broadcast. When they find a scent worth discussing, the whole postcode will hear about it. They’re intelligent but famously independent, meaning commands are evaluated, not obeyed. “Come” is less an instruction and more a topic for later consideration if the smell situation allows. They need space, serious daily exercise, and owners who understand that this is a hound first and a people-pleaser second. Couch potatoes need not apply.

At home, though, they’re gentle, social, and oddly sweet for dogs designed to run for hours. They thrive in active households, especially with other dogs or humans who like long runs, hikes, or accidental ultra-marathons. Give them an outlet for that engine and a bit of tolerance for the soundtrack, and the American Foxhound becomes a joyful, good-natured companion with a nose for adventure and zero interest in living a quiet life.",Independent yet affectionate at home. Loves a good run and thrives with plenty of outdoor space.,Large,5,3,3,2,4,3,3,3,3,3,4,3,29,34,53,64,11,13,Smooth coat,"A lot. These energetic dogs require at least two hours of vigorous activity, preferably with space to run and scent-trail and an owner who can keep up.",Low grooming needs with short coat requiring weekly brushing and regular ear cleaning.,"Training an American Foxhound means embracing their priorities: they’re bred to follow scents, not orders. Keep sessions fun, consistent, and stocked with treats—but don’t expect miracles if something smells more interesting than you.",United States,Hound,purebred,,true,2025-11-21 06:04:55.074087+00,2026-01-17 02:12:21.301237+00,3,3,0,28,,,
5de90c6b-0bd6-4d6a-9042-6914be569fdc,Scottish Terrier,scottish-terrier,"Meet the dog equivalent of a grumpy professor who secretly loves teaching ? that's the Scottish Terrier. These compact bundles of attitude sport magnificent beards and eyebrows that give them permanent """"get off my lawn"""" expressions. Originally bred to hunt badgers and foxes, they approach modern life with the determination of someone who's never encountered a problem they couldn't solve by digging under it. Their dignified bearing and confident strut make them look like they're perpetually heading to important business meetings. Independent as cats but loyal as shadows, they'll follow their own counsel while somehow making you feel privileged to share their space. They're comedians wrapped in serious packaging, with personalities bigger than their bodies and opinions about everything from your choice of walking routes to your dinner companions.",Friendly and loyal companion,Small,4,3,3,4,4,3,3,3,1,3,2,3,8,10,25,28,11,13,Wire coat,Regular exercise,Moderate to high grooming needs with wiry double coat requiring regular brushing and professional grooming,Dignified Scots who'll learn but with enough Highland attitude to remind you they're doing you a favour.,Scotland,Terrier,purebred,,true,2025-11-21 06:04:58.227262+00,2026-01-17 02:12:21.301237+00,4,1,10,30,,,
5f60d3fa-9ff4-41c0-8356-1843a9e91db5,Lwchen,lwchen,"The """"Little Lion Dog"""" sports a haircut that would make any rock star jealous ? shaved hindquarters with a full mane up front. These tiny aristocrats were Renaissance Europe's ultimate lap dogs, literally bred to warm the beds of nobility. Don't let their toy size fool you; they have the heart of their namesake lion and enough personality to fill a Great Dane. Their portable size makes them excellent travel companions, and their minimal shedding keeps them popular with neat freaks. They're surprisingly athletic for couch potatoes, happy to hike or just supervise from their favorite armchair. These charming little extroverts love everyone they meet and seem genuinely surprised when the feeling isn't immediately mutual. Perfect for apartment dwellers wanting a confident, portable companion.",Friendly and loyal companion,Small,2,3,2,4,3,3,3,3,1,3,3,3,4,8,30,36,13,15,Curly coat,Regular exercise,"High grooming needs with long, silky coat requiring daily brushing and professional grooming every 6-8 weeks","""""Little Lions"""" who learn eagerly but prefer training that acknowledges their regal bearing and noble heritage.",Germany,Companion,purebred,,true,2025-11-21 06:04:55.193204+00,2026-01-17 02:12:21.301237+00,3,3,0,28,,,
5ffcc384-003d-4d3a-a845-040fcdf43a14,Chow Chow,chow-chow,"The Chow Chow looks like someone crossed a lion with a teddy bear and gave it the personality of a dignified cat. These ancient Chinese guardians strut around with blue-black tongues and enough fluff to stock a pillow factory, radiating an aura that says """"I'm fabulous and I know it."""" Originally bred to hunt bears and guard palaces, they approach modern life with the same serious professionalism, often treating daily walks like important state business. Fiercely loyal to their chosen humans but politely indifferent to everyone else, they're the introverts of the dog world. Early socialization is crucial, or you'll end up with a beautiful, aloof roommate who judges your life choices from across the room.","Dignified, aloof, and fiercely loyal. Not overly affectionate but deeply bonded to their family.",Large,2,3,2,3,4,4,2,2,1,3,4,3,20,32,43,56,8,12,Double coat,"The Chow Chow isn’t exactly the “let’s go for a run” type. It’s more like the “I’ll supervise while you go for a run” breed. They’re not built for endurance or heat, so moderate, controlled exercise is best: around 30 to 45 minutes total daily.","Very high grooming needs with thick, dense double coat requiring daily brushing to prevent matting. Skip a day of brushing and you’ll find out what a dreadlocked lion looks like.",Training a Chow Chow is less obedience and more diplomacy—respect earns results.,China,Working,purebred,,true,2025-11-21 06:05:08.837916+00,2026-02-20 23:08:38.89079+00,2,5,-30,20,,,
6066f597-31e8-41ea-be49-e34d2d501872,Cairn Terrier,cairn-terrier,"Meet the scrappy little warrior who thinks they're ten times their actual size. Originally bred to hunt rats in Scottish stone cairns, these weathered terriers still approach life like every squirrel is their nemesis. With their shaggy, Einstein-gone-wild coat and bright, mischievous eyes, they're basically four-legged comedians. Fearless to the point of delusion, they'll challenge dogs three times their size while maintaining complete dignity. These independent thinkers need patient owners who appreciate their """"helpful"""" landscaping skills and tendency to redecorate your garden. Loyal, affectionate, and surprisingly good travel companions, they're perfect for active families who want a big personality in a portable package. Warning: may attempt to manage your entire household.","Spirited, curious, and affectionate. A small dog with a big personality.",Small,4,3,3,3,4,3,3,3,1,3,4,3,6,8,25,33,13,15,Wire coat,"Needs 45?60 minutes of daily exercise, including brisk walks and active play.",Moderate grooming needs with weather-resistant double coat requiring weekly brushing and occasional hand-stripping,"Toto-tough terriers who'll learn but always with that distinctly Scottish """"I'll do it my way"""" attitude.",Scotland,Terrier,purebred,,true,2025-11-21 06:05:06.837581+00,2026-01-17 02:12:21.301237+00,4,1,10,30,,,
606c2af8-db6a-4df5-9ebb-f3f2c79b060e,Chorkie,chorkie,"The Chorkie is what happens when a Chihuahua and a Yorkshire Terrier get together and decide to create the world's smallest dog with the biggest attitude. These tiny terrors pack the confidence of both parent breeds into a package small enough to fit in a teacup but fierce enough to challenge a Great Dane. They're intensely loyal to their chosen human but can be suspicious of everyone else, including your other pets, the postman, and that suspicious-looking houseplant. Chorkies are perfect for single-person households or couples who want a dog that doubles as a very small, very opinionated security system. They inherit the terrier tenacity and the Chihuahua's selective hearing, creating a dog that will definitely let you know when someone's at the door but might pretend not to hear you calling them for dinner. Despite their sometimes challenging personality, they're devoted companions who just want to be your most important relationshipemphasis on ""most important.""","Feisty, loyal, can be aggressive; devoted to owner; requires early socialisation; confident despite size; may be nippy.",Small,2,2,3,3,4,3,3,2,1,4,4,4,2,4,15,23,12,16,Medium length coat,"Low, short walks and indoor play sufficient; can be satisfied with minimal exercise.",Moderate; regular brushing needed; occasional professional grooming recommended.,"Can be stubborn and challenging; requires consistent, patient training; may test boundaries.",USA,Crossbreed,purebred,,true,2025-11-21 06:05:07.89674+00,2026-01-17 02:12:21.301237+00,3,3,0,28,,,
63c838cf-697c-4177-9c2e-e877cfca1a25,Skye Terrier,skye-terrier,"Imagine a walking mop with serious opinions and you've got the Skye Terrier. This low-slung Scottish character looks like they're wearing a full-length fur coat that somehow got mixed up with a dust bunny. Bred to hunt foxes in rocky island caves, they're surprisingly brave under all that hair. Their flowing double coat requires dedication?think daily brushing sessions that rival a salon appointment. Those hidden eyes peer out with ancient wisdom and mild judgment about your life choices. Loyal to their core but selective with affection, Skyes bond deeply with their chosen humans while maintaining polite distance from everyone else. They're dignified walking carpets who take themselves very seriously and expect the same respect. Perfect for patient owners who appreciate a dog that looks like mystical folklore come to life and don't mind the grooming commitment.","Bold, independent, and fun-loving.",Medium,4,3,3,4,4,3,3,3,1,3,3,3,16,18,24,26,12,14,Silky coat,Moderate  daily walks and play sessions.,"High grooming needs with long, straight double coat requiring daily brushing and regular grooming",Scottish island dogs who learn faithfully but with enough Highland independence to maintain personal dignity.,Scotland,Terrier,purebred,,true,2025-11-21 06:04:53.681484+00,2026-02-20 23:08:38.89079+00,4,1,10,30,,,
677ee727-c3ae-48de-a834-1dfef370afa3,Chihuahua,chihuahua,"Meet the world's smallest dog with the world's largest ego. These pocket-sized powerhouses strut through life convinced they're actually Great Danes trapped in toy bodies. Originally from Mexico, they're living proof that dynamite comes in small packages?and occasionally explodes without warning. Their apple-shaped heads and bug eyes give them a perpetually startled expression, though they're rarely surprised by their own magnificence. Fiercely loyal to their chosen person, they're basically furry little stalkers who'll follow you everywhere while judging your life choices. They're surprisingly hardy despite their delicate appearance, though cold weather is their kryptonite. Perfect for those wanting a devoted companion who'll fit in a purse but possesses the heart of a lion.","Sassy, graceful, and charming. Fiercely devoted to their owner, quick to sound the alarm, and full of personality.",Small,2,2,3,2,5,2,5,2,1,3,4,3,1,3,15,25,14,16,Smooth coat,"Needs 30?45 minutes of daily activity, including short walks and indoor play.",Low grooming needs with smooth or long coat requiring weekly brushing (long coat needs more frequent brushing),Mighty mites who'll learn quickly but reserve the right to ignore everything when feeling Napoleon-esque.,Mexico,Toy,purebred,,true,2025-11-21 06:04:48.50152+00,2026-01-17 02:12:21.301237+00,4,1,10,30,,,
67d63791-81cc-4636-ad6a-2f4248f8e037,Puggle,puggle,"The Puggle is living proof that two wrongs can make a rightcombining the Pug's breathing issues with the Beagle's stubbornness somehow created one of the most loveable family dogs on the planet. These medium-sized charmers have perfected the art of looking adorable while completely ignoring your commands. They inherit the Pug's clownish personality and the Beagle's social nature, resulting in a dog that treats life like one big friendly party where everyone's invited. Puggles are the golden retrievers of the crossbreed worldthey genuinely believe every human, dog, and possibly mailman is their new best friend. They're excellent with children, patient with toddlers, and possess an almost supernatural ability to sense when someone needs cheering up. Just don't expect Olympic-level obedience; they're more interested in making friends than following rules.","Friendly, social, gentle; excellent with children; may be stubborn; food motivated; playful; good-natured.",Medium,3,4,3,2,3,4,4,4,2,2,3,2,8,14,25,38,10,15,Short smooth coat,"Moderate, enjoys walks but can be content with less exercise.",Low to moderate; weekly brushing; seasonal shedding; occasional baths.,Can be stubborn; responds well to food rewards; requires patience and consistency.,Australia,Crossbreed,designer,,true,2025-11-21 06:05:05.685521+00,2026-01-17 02:12:21.301237+00,3,3,0,28,Pug,Beagle,F1
68f3b94d-a8a6-4257-a834-d7bb83da8799,Siberian Husky,siberian-husky,"Picture a marathon runner who thinks your living room is their personal racetrack. Siberian Huskies are stunning arctic athletes with piercing blue eyes and voices that could wake neighboring galaxies. Originally bred to haul sleds across frozen wastelands, they possess boundless energy and an unshakeable belief that every fence is merely a suggestion. These escape artists are brilliant problem-solvers who'll tunnel under, jump over, or somehow teleport through barriers. Their double coat sheds enough fur to knit a second dog, and their howling conversations with sirens are legendary. Sweet-natured pack animals who adore company, they'll befriend every burglar while systematically destroying your garden. Perfect for active families who enjoy daily adventures and don't mind explaining to neighbors why their husky is sitting on the roof again.","Outgoing, mischievous, and loyal working dogs. They're independent and need experienced owners.",Medium,5,4,2,4,4,5,1,2,3,3,3,3,16,27,51,60,12,15,Silky coat,"Very high exercise needs. Requires 2+ hours of vigorous exercise daily. Loves running, hiking, and pulling.",High grooming needs with thick double coat requiring brushing 2-3 times weekly and intensive seasonal grooming,Arctic athletes who'll learn but always wonder why training doesn't involve more running toward frozen horizons.,Siberia,Working,purebred,,true,2025-11-21 06:05:00.420485+00,2026-02-20 23:08:38.89079+00,1,5,-40,15,,,
6a05c0ae-a5d5-48ee-ba83-16e9fc9bcb0a,American Water Spaniel,american-water-spaniel,"Wisconsin’s quiet achiever looks like a chocolate Labrador that embraced the curls and never looked back. The American Water Spaniel is compact, athletic and permanently ready for action. Webbed feet, dense liver-brown coat, eyes that say, “Is that water? Let’s go.”

This is not a decorative dog. It was bred to work cold lakes and marshes all day, jumping in and out of small boats, retrieving ducks without complaint. That wavy to tightly curled coat is not fashion. It is a built-in wetsuit. It shrugs off water and bad weather with the same casual confidence.

At home, they are loyal and close to their people, sometimes reserved with strangers. Not aloof, just selective. They form tight bonds and prefer being involved rather than parked in the backyard. Leave them bored and they will absolutely find a project. Landscaping is a common hobby.

They are smart and responsive, but they need a job. Regular training, proper exercise and mental stimulation are non-negotiable. Think long walks, retrieves, scent games, actual swims if you can manage it. If you are into kayaking, fishing or muddy boots at sunrise, this dog will think you are a genius.

Grooming is moderate. That coat needs brushing to stop it turning into a dense tangle of optimism. Not high maintenance, just consistent.

An American Water Spaniel suits an active household that likes getting outside in all weather. If you want a cheerful, hardworking shadow who smells faintly of lake water and thinks every puddle is a gift, you’ll get along just fine.","Versatile hunting companion with curly coat and webbed feet. Eager to please, active, and equally at home retrieving waterfowl or as family pet.",Medium,4,2,2,3,3,3,3,3,1,5,2,3,11,20,38,46,10,14,Curly coat,"Needs high daily exercise and makes an excellent active companion for children, thriving on swimming, retrieving games and outdoor activities",Moderate grooming needs with curly coat requiring brushing 2-3 times weekly and regular ear cleaning,Intelligent hunters who'll master water retrieval but might question your land-based logic.,United States,Sporting,purebred,,true,2025-11-21 06:04:51.388211+00,2026-01-17 02:12:21.301237+00,3,3,0,28,,,
6c1f0288-892c-4d66-a3f0-be28938b4939,Great Dane,great-dane,"The Great Dane is proof that Mother Nature has a sense of humor about scale. These gentle giants move through the world like they're navigating a dollhouse, somehow managing to be graceful despite being roughly the size of a small pony. Originally bred to hunt wild boar (imagine that sight), they've since retired to become professional lap dogs who haven't quite grasped their dimensions. They're sweet-natured couch potatoes who believe they're lapdogs, leading to hilarious attempts to curl up in spaces designed for Chihuahuas. Their bark can rattle windows, but they're more likely to hide behind you when the doorbell rings. Think of them as gentle giants with the heart of a golden retriever and the appetite of a small horse.","Friendly, patient, and dependable gentle giants. They are excellent family dogs despite their imposing size.",Giant,2,4,2,2,4,3,2,2,3,4,3,3,45,90,71,86,7,10,Smooth coat,Moderate exercise needs. Daily walks and some playtime. Avoid excessive exercise while growing.,"Low grooming needs with short, smooth coat requiring weekly brushing","Gentle giants who'll learn carefully, always conscious they could accidentally knock over the instructor.",Germany,Working,purebred,,true,2025-11-21 06:05:06.064605+00,2026-02-20 23:08:38.89079+00,3,3,0,28,,,
6c4708fa-d2ca-44d0-8d98-0574a652a862,Kooikerhondje,kooikerhondje,"Holland's best-kept secret: a spaniel-sized charmer who looks like they've been dipped in autumn leaves. These gorgeous red and white athletes were bred to lure ducks into traps, which explains their theatrical flair and natural showmanship. They move with the bouncy enthusiasm of someone who just won the lottery, complete with feathery tail that wags like a metronome set to """"maximum joy."""" Their intelligence shines through mischievous eyes that suggest they're always planning something delightfully troublesome. They're the perfect size for apartment living but have the energy levels of a small wind farm. They're natural comedians who'll invent games involving household objects and expect you to join in. Their cheerful disposition makes them terrible guard dogs but excellent mood enhancers. Perfect for active families who want a medium-sized furry entertainment system with impeccable manners.","Kooikerhondje is friendly, adaptable, and full of character. They thrive in loving homes and enjoy an active, engaged lifestyle.",Medium,4,3,2,3,3,3,3,3,1,3,3,3,9,11,35,41,12,14,Curly coat,Moderate to high depending on breed.,Moderate grooming needs with medium-length coat requiring brushing 2-3 times weekly,Dutch duck hunters who learn eagerly but get distracted by anything waterfowl-related.,Netherlands,Sporting,purebred,,true,2025-11-21 06:05:00.171616+00,2026-01-17 02:12:21.301237+00,3,3,0,28,,,
6e15f887-9897-424e-8f99-03439d817432,Keeshond,keeshond,"Meet Holland's floating cloud of perpetual happiness. These fluffy charmers look like they're wearing permanent fox-fur stoles and designer spectacle markings around their bright, mischievous eyes. They're the golden retrievers of the spitz world ? friendly to absolutely everyone, including burglars who they'd probably offer tea and directions. Their double coat makes them look like animated teddy bears who've achieved sentience and decided to spread joy door-to-door. They're natural comedians with expressive faces that cycle through more emotions than a soap opera character. Their tails curl over their backs like furry question marks, perfectly matching their curious, optimistic outlook on life. They're vocal conversationalists who'll provide running commentary on daily events. Perfect for families who want a medium-sized furry therapist who sheds enough to clothe a small village.","Keeshond is friendly, adaptable, and full of character. They thrive in loving homes and enjoy an active, engaged lifestyle.",Medium,3,3,2,4,4,4,3,3,1,3,2,3,16,20,41,46,13,15,Double coat,Moderate to high depending on breed.,"High grooming needs with thick, stand-off double coat requiring brushing 2-3 times weekly",Smiling Dutch sailors who learn cheerfully but occasionally check if training involves any boat work.,Netherlands,Companion,purebred,,true,2025-11-21 06:04:47.192999+00,2026-01-17 02:12:21.301237+00,1,5,-40,15,,,
706cb55a-3e03-477a-9661-2ddf70dd0c5e,Labrador Retriever,labrador-retriever,"The golden child of the dog world, Labradors are like that friend who's genuinely excited about everything ? your morning coffee, a stick, quantum physics, doesn't matter. Originally Newfoundland fishing dogs who retrieved nets and fish, they've channeled that work ethic into being professional good boys and girls. With their otter-like tails acting as rudders and webbed feet for swimming, they're basically furry submarines who happen to excel at therapy work, guide duties, and stealing hearts at dog parks. Yes, they shed enough to knit a second dog, and their puppyhood lasts roughly until they're four, but their infectious optimism and genuine desire to please make them perfect family companions for active households.","Outgoing, active dogs with steady temperaments. They're excellent family dogs and love swimming and fetching.",Large,4,5,1,2,2,4,2,5,3,5,3,3,25,36,54,62,10,12,Silky coat,"High energy dogs that need 2+ hours of exercise daily. Swimming, running, and fetch are favorite activities.","Low to moderate grooming needs with dense, water-repellent double coat requiring weekly brushing",Golden standard of trainability - they'll learn everything with tail-wagging enthusiasm and snack motivation.,Canada,Sporting,purebred,,true,2025-11-21 06:04:56.351303+00,2026-01-17 02:12:21.301237+00,3,4,-10,25,,,
706eaf9d-0b18-4caf-b8f8-e2979e9eeb5f,Peekapoo,peekapoo,"The Peekapoo is like having a wise, fluffy counsellor who doubles as a lap warmerthis Pekingese-Poodle cross combines ancient Chinese royal bearing with French intelligence to create the perfect small companion dog. They possess an almost regal calm that makes them excellent therapy dogs and ideal pets for quieter households. Peekapoos seem to understand that they're descended from palace dogs and carry themselves with appropriate dignity, though they're far more approachable than their aristocratic ancestors. They're the introverts of the small dog worldfriendly and loving with their families but content to observe strangers from a respectful distance. These curly-coated diplomats are perfect for apartment living, seniors, or anyone who wants a dog with more emotional intelligence than most humans. They rarely bark without reason and seem to possess an innate understanding of indoor voice rules.","Affectionate, intelligent, gentle; excellent with children; adaptable; may be reserved with strangers; calm temperament.",Small,2,4,4,4,3,2,5,4,1,2,4,2,4,9,20,28,12,16,Curly/wavy coat,"Low to moderate, enjoys walks but content with indoor activities.",High maintenance; requires regular professional grooming; daily brushing prevents matting.,"Intelligent and eager to please; responds well to gentle, positive training.",USA,Crossbreed,purebred,,true,2025-11-21 06:04:50.987946+00,2026-01-17 02:12:21.301237+00,3,3,0,28,,,
744b6898-37f4-47a4-93e9-c82cc09511fd,Jackabee,jackabee,"The delightful accident that happens when a Jack Russell Terrier meets a Beagle and they decide to create chaos together. These medium-sized bundles of contradictions inherit the Jack Russell's bouncing enthusiasm and the Beagle's nose-first approach to life, resulting in a dog that's perpetually torn between chasing something and sniffing something else. They're like having a detective with ADHD ? brilliant at following scents until a butterfly distracts them. Their howl-bark combo sounds like a broken car alarm, but their expressive eyes and waggy enthusiasm make up for their vocal crimes. They're escape artists who'll follow their nose straight through your fence, then return looking sheepish with someone's sandwich. Perfect for families who want a medium-sized adventure buddy with a PhD in finding trouble.",Friendly and loyal companion,Medium,4,3,2,2,4,3,3,3,1,3,4,3,9,13,30,38,12,15,Wire coat,Regular exercise,Low grooming needs with short coat requiring weekly brushing,Designer mix combining Jack Russell energy with Beagle nose - training requires treats and serious stamina.,Mixed,Designer,designer,,true,2025-11-21 06:04:50.337995+00,2026-01-17 02:12:21.301237+00,3,3,0,28,Jack Russell Terrier,Beagle,F1
75c391e6-f3f1-4db3-a407-3073253c15fc,Maltipoo,maltipoo,"The Maltipoo is a pocket-sized companion with the brains of a Poodle and the heart of a Maltese. This designer cross combines the best of both worlds: the Maltese's loving nature and the Poodle's intelligence, creating a delightful small dog that's perfect for families, singles, and older owners.","Affectionate, intelligent, playful, thrives on companionship",Small,2,4,4,4,2,1,5,4,1,3,3,3,2,7,20,35,10,15,Unknown,Moderate  about 30 minutes daily (walks plus playtime). Apartment-friendly if given daily exercise and stimulation.,Regular brushing (34 times a week) and professional grooming every 68 weeks to prevent matting.,"Eager to please and intelligent, though can be a bit stubborn. Responds best to positive reinforcement and short, fun sessions.",United States,Companion,designer,,true,2025-11-21 06:05:11.504824+00,2026-01-17 02:12:21.301237+00,3,3,0,28,Maltese,Poodle (Toy),F1
75cbce03-5f4f-4a67-bf0f-97dd6c172966,Polish Lowland Sheepdog,polish-lowland-sheepdog,"Looking like a mop that achieved consciousness and decided to become a herding dog, PONs are Poland's answer to """"what if we made a sheepdog that's impossible to find in tall grass?"""" These shaggy comedians possess the rare ability to see through their own hair curtains while maintaining an expression of perpetual mild confusion. Originally bred to herd sheep across Polish plains, they approach modern life with the same methodical determination, herding everything from children to remote controls into neat piles. Their bear-like shuffle and habit of collecting debris in their coats makes them living lint rollers with opinions. Intelligent and independent, they'll solve problems you didn't know existed while creating new ones with endearing creativity. Perfect for owners who don't mind daily brushing sessions and finding tumbleweed-sized hairballs.",Friendly and loyal companion,Medium,4,3,2,5,4,3,3,3,1,3,2,3,14,22,42,50,12,14,Wire coat,Regular exercise,"High grooming needs with long, shaggy double coat requiring daily brushing to prevent matting",Shaggy Polish herders who learn steadily but with Eastern European skepticism about unnecessary commands.,Poland,Herding,purebred,,true,2025-11-21 06:04:45.742784+00,2026-01-17 02:12:21.301237+00,3,3,0,28,,,
75ee1db7-b4aa-4b3b-bba7-e7e6ee1c46c4,Catahoula Leopard Dog,catahoula-leopard-dog,"Louisiana's state dog looks like someone took a regular dog and applied a psychedelic filter. These striking working dogs come in a mind-bending array of colors and patterns, often sporting heterochromia (different colored eyes) that makes them look perpetually surprised. Bred to hunt wild boar, they're athletic powerhouses with the determination of a debt collector. Independent thinkers who'll problem-solve their way out of any situation, they need experienced owners who can match their intelligence and energy. Their webbed feet make them excellent swimmers, but their herding instincts mean they might try to organize your social gatherings. Perfect for active families who want a stunningly beautiful, incredibly capable companion who doubles as yard security.","Energetic, independent, and hard-working. Best with active owners.",Large,4,3,2,2,4,3,2,2,1,3,4,3,23,43,51,66,10,14,Smooth coat,"Requires 1?2 hours of activity daily, with space to run and problem-solving tasks.",Low grooming needs with short to medium coat requiring weekly brushing,"Wild-looking workers who'll learn but always maintain that slightly feral """"I could survive without you"""" vibe.",United States,Working,purebred,,true,2025-11-21 06:04:46.788247+00,2026-02-20 23:08:38.89079+00,3,3,0,28,,,
77215d8c-f5c8-475d-aa6f-a6253d3cb449,Cardigan Welsh Corgi,cardigan-welsh-corgi,"The Corgi with the fabulous tail and slightly more serious demeanor than their Pembroke cousins. These low-rider herding dogs move like caffeinated otterly determined athletes, surprisingly quick despite their """"built for comfort"""" appearance. Originally bred to herd cattle by nipping at heels, they still have strong opinions about where everyone should be standing. Their fox-like faces and bat ears make them irresistibly adorable, while their intelligence keeps them three steps ahead of you. Cardigans are slightly more reserved than Pembrokes, preferring to assess situations before diving in. They're perfect for families who want a smart, loyal companion who'll herd the children, supervise the household, and provide endless entertainment with their surprisingly athletic antics.","Affectionate, intelligent, and alert. A loyal family companion.",Medium,2,3,2,3,4,4,3,3,1,3,3,3,14,17,27,32,12,15,Double coat,"Needs 45?60 minutes of daily exercise, including walks and games to keep it engaged.",Moderate grooming needs with double coat requiring brushing 2-3 times weekly and seasonal grooming,Long and low with high intelligence - they'll learn everything while critiquing your training posture.,Wales,Herding,purebred,,true,2025-11-21 06:05:11.956408+00,2026-02-20 23:08:38.89079+00,2,4,0,28,,,
772caa0b-457a-4186-a3da-5ee8f7b59401,English Setter,english-setter,"Picture a Victorian gentleman's hunting companion who never quite learned proper indoor manners, and you've got the English Setter. These feathery-coated beauties move with balletic grace until they spot a bird, then transform into laser-focused hunting machines. Their distinctive """"belton"""" coats (speckled like expensive wallpaper) come with a maintenance schedule that would make a show pony jealous. Setters are gentle souls who bond deeply with their families but can be charmingly stubborn when they decide your training suggestions are merely optional guidelines. They're marathon runners disguised as couch potatoes, needing serious exercise to prevent them from redecorating your house with creative flair. Sweet-natured and patient with children, they're perfect for active families who appreciate a dog with both elegance and mischievous spirit.","English Setter is friendly, adaptable, and full of character. They thrive in loving homes and enjoy an active, engaged lifestyle.",Large,4,3,2,3,2,3,3,3,3,3,2,3,20,32,58,69,12,15,Silky coat,"Requires 1?2 hours of daily activity, ideally with field work or agility.","High grooming needs with long, silky feathered coat requiring daily brushing to prevent matting",Elegant athletes who learn gracefully but get distracted by anything that might be hiding birds.,United Kingdom,Sporting,purebred,,true,2025-11-21 06:05:00.543856+00,2026-01-17 02:12:21.301237+00,4,3,5,30,,,
78eddeca-2491-4190-b99f-bd22e593437f,German Pinscher,german-pinscher,"The German Pinscher is like a Doberman who went through a shrinking machine but kept all the attitude and intelligence. These sleek, athletic dogs are the original pinscher breed ? the elegant ancestors of both Dobermans and Miniature Pinschers. With their clean lines and alert expressions, they look like they should be posing for German engineering advertisements. German Pinschers are confident, energetic dogs who need jobs to prevent them from creating their own entertainment, which usually involves redesigning your garden or testing the structural integrity of your furniture. They're naturally protective without being aggressive, making excellent watchdogs who take their security duties seriously. These dogs need experienced owners who can provide firm, consistent training and plenty of mental stimulation. They're perfect for active individuals or families who want a medium-sized companion with the loyalty of a German Shepherd and the manageable size of a terrier.",Friendly and loyal companion,Medium,4,3,2,2,4,3,2,2,1,3,4,3,14,20,43,51,12,14,Smooth coat,Regular exercise,"Low grooming needs with short, dense coat requiring weekly brushing",Efficient German engineering in dog form - they'll learn systematically and execute with precision.,Germany,Working,purebred,,true,2025-11-21 06:04:57.676648+00,2026-01-17 02:12:21.301237+00,3,3,-5,28,,,
78f8eb8c-b185-4691-ab51-fabb723f0691,Bernese Mountain Dog,bernese-mountain-dog,"Originally bred to pull carts and drive cattle through the rugged Swiss Alps, the Bernese Mountain Dog is equal parts powerhouse and teddy bear. Beneath the impressive frame and thick double coat lies a famously gentle temperament that has earned this breed its reputation as one of the great family dogs.\n\n

Their look is unmistakable: a glossy tri-coloured coat with that iconic white blaze running down the chest, rust accents above soulful brown eyes, and a stance that radiates both strength and dignity. These are calm, patient giants who seem to instinctively understand their size, showing remarkable care and tolerance around children and smaller pets.\n\n

Despite their farmhand origins, Bernese Mountain Dogs are happiest when close to their people. They thrive on companionship, offering unwavering loyalty and an affectionate nature that makes them more shadow than guard. Their protective instinct is there, but its wrapped in a temperament thats steady rather than sharp.\n\n

Exercise needs are moderatedaily walks and a good romp in the yard will dobut hot climates arent their friend. With their thick Alpine coat, they prefer cool weather for any serious activity. That same coat, while beautiful, is a grooming project: expect regular brushing and a serious shed-fest when the seasons change.\n\n

For families after a large, affectionate dog with a calm, grounding presence, the Bernese Mountain Dog is hard to beat. They command attention with their size, win hearts with their devotion, and bring a piece of Swiss mountain heritage into any home lucky enough to have one.","Gentle, affectionate and strong. Excellent with children and devoted to family life.",Giant,2,5,2,3,4,4,1,2,3,4,4,3,58,70,48,70,7,10,Double coat,Requires 45-60 minutes of moderate daily exercise. Avoid strenuous activity in warm weather.,"High grooming needs with thick double coat requiring regular brushing, especially during seasonal shedding.","Patient and steady learners who respond well to consistent, gentle training.",Switzerland,Working,purebred,https://cowzzajbwtqfmrocefaw.supabase.co/storage/v1/object/public/dog-breed-images/bernese-mountain-dog/bernese-mountain-dog-01.webp,true,2025-11-21 06:04:40.507955+00,2026-02-20 23:08:38.89079+00,2,5,-30,20,,,
79c35161-3593-48b7-914e-98a4659e5b10,Cockapoo,cockapoo,"One of the oldest designer breeds, combining Cocker Spaniel sweetness with Poodle smarts. Great for families and apartments.","Affectionate, Friendly, Intelligent, Outgoing",small,4,5,4,4,3,2,4,4,1,4,4,3,5,11,25,38,13,16,Wavy to Curly,Moderate,Regular brushing required,Easy to train,United States,Hybrid,designer,,true,2025-12-13 05:44:02.368256+00,2026-01-17 02:12:21.301237+00,3,3,10,24,Cocker Spaniel,Poodle (Miniature),F1
7b9044bb-96cf-4755-a83b-f07a406d96b8,Goldendoodle,goldendoodle,"A friendly and intelligent designer breed combining the Golden Retriever's loving nature with the Poodle's low-shedding coat. Goldendoodles are highly social, eager to please, and make excellent family companions. They typically inherit the best traits from both parent breeds, including intelligence, trainability, and a gentle temperament.","Friendly, Intelligent, Social, Playful, Affectionate",Medium to Large,4,5,5,4,2,2,4,5,1,3,3,2,50,90,20,26,10,15,Wavy to Curly,High,"Regular brushing required, professional grooming every 6-8 weeks","Highly trainable, responds well to positive reinforcement",United States,Designer,designer,,true,2025-12-12 23:48:19.568382+00,2026-01-17 02:12:21.301237+00,4,3,60,85,Golden Retriever,Poodle (Standard),F1
7c28e7db-4bf6-40fd-80d5-19ef2e9794bd,American Bulldog,american-bulldog,"Meet the American Bulldog: part family clown, part security detail, part furry wrecking ball. They’ll patrol your home like they’re on the night shift, make you laugh with their big goofy grin, and photobomb your selfies like it’s their life’s mission. They’re loyal to the bone, brave as they come, and always ready for a bit of rough-and-tumble in the backyard.

These dogs are built like tanks with hearts made of marshmallow. They adore their people and hate being left out of anything — especially if it involves food, squeaky toys, or the chance to show off their muscles. Just don’t expect your garden to stay pristine. Bulldogs are natural landscapers with a flair for ‘creative’ dirt work.

Underneath the muscles and swagger is a big softie who lives for attention. They can be stubborn, sure, but they’re smart enough to know exactly how to get their way — usually by leaning their entire 40 kilos of charm onto your leg until you cave.

Training works best with consistency, patience, and a sense of humour. They’re not ones to be bossed around, but they’ll happily work for praise, treats, and belly rubs.

At the end of the day, when the guarding’s done and the mischief’s made, your American Bulldog will drop the MI6 act, curl up beside you, and sigh like they’ve just saved the world. Scratch that glorious, wiry head, tell them they’re a good dog, and watch those eyes melt. Because to them, you’re not just their human — you’re their life.","Protective, loyal, and courageous. Loves its family and isn t afraid to step up when needed.",Large,4,3,2,4,4,3,2,2,5,3,2,3,27,54,56,71,10,12,Smooth coat,"The American Bulldog isn’t built for a lazy life. They need 60–90 minutes of proper exercise every day — brisk walks, tug-of-war, fetch, or anything that burns off steam and keeps that big engine running smoothly.","Luckily, they’re low maintenance in the beauty department. Their short, sleek coat just needs a weekly brush to keep it looking sharp and to reduce shedding.",Eager to please but sometimes forgets they're not still a puppy when demonstrating enthusiasm.,United States,Working,purebred,,true,2025-11-21 06:05:05.260519+00,2026-01-17 02:12:21.301237+00,3,3,0,28,,,
7ccdebb5-c023-454e-b2e2-4756151c0b70,Norwich Terrier,norwich-terrier,"The Norwich Terrier is essentially a Norfolk Terrier who decided to stand at attention permanently?same compact bundle of mischief, but with perky ears that catch gossip from three streets away. These little personalities on legs approach life like it's one big treasure hunt, convinced that something exciting is always about to happen. Originally ratting alongside Norfolk cousins in English stables, they've retained their fearless attitude and charming belief that they can handle anything bigger dogs can do, just more efficiently. They're like having a tiny, furry personal trainer who insists that every day should include adventure, exploration, and probably some digging. Hardy, adaptable, and surprisingly wise for their size, they make excellent companions for active families who appreciate a dog with the confidence of a lion and the practicality to know when snuggling is the best option available.",Friendly and loyal companion,Small,4,3,2,3,4,3,3,3,1,3,4,3,5,5,24,26,13,15,Wire coat,Regular exercise,Moderate grooming needs with wiry coat requiring weekly brushing and occasional hand-stripping,"Compact terriers who learn eagerly but maintain that distinctly English """"practical but plucky"""" attitude.",United Kingdom,Terrier,purebred,,true,2025-11-21 06:04:55.580903+00,2026-01-17 02:12:21.301237+00,4,1,10,30,,,
7ec50079-bc11-4264-9735-1fadeb1c5edb,Poodle (Miniature),poodle-miniature,"Imagine a Standard Poodle that went through a photocopier set to """"65% reduction"""" ? that's your Miniature Poodle, complete with full-sized personality in a more manageable package. These medium-sized masterminds possess all the intelligence of their larger cousins with added portability and slightly more reasonable exercise requirements. They approach life like enthusiastic graduate students, eager to learn new tricks but equally happy to demonstrate their mastery of selective hearing when it suits them. Their curly coats create a maintenance schedule that rivals a small business, but reward you with the ultimate hypoallergenic companion who sheds personality instead of fur. They're natural entertainers who read rooms better than most humans and adjust their energy accordingly. Perfect for those wanting Poodle brilliance without needing a small horse-sized dog taking up the couch.","Active, intelligent, and elegant dogs. They're excellent family pets and highly trainable companions.",Large,4,5,1,5,3,4,4,4,1,4,3,3,2,32,24,62,10,18,Double coat,"Moderate to high exercise needs. Daily walks, swimming, and mental stimulation are important.","Very high grooming needs with curly, hypoallergenic coat requiring daily brushing and professional grooming every 6-8 weeks",You'll wonder who's training whom - these dogs are wicked clever and slightly unsettling in their intelligence.,Germany/France,Sporting/Toy,purebred,,true,2025-11-21 06:05:10.507333+00,2026-02-20 23:08:38.89079+00,2,4,0,28,,,
7ee7f08f-4702-47cb-93af-8e10dde1b908,Cavachon,cavachon,"Small, people-oriented companion dog with a soft wavy coat and an easygoing nature. Suits apartments and families; thrives on company.","Friendly, affectionate, gentle, social",Small,2,4,3,3,3,2,4,4,1,4,3,3,5,10,28,33,12,15,"Wavy to curly, lowshedding",30-60 minutes daily; short walks and play,Brush 2-3 times weekly; professional trims every 6-8 weeks,"Positive reinforcement; short, fun sessions",Designer cross of Cavalier King Charles Spaniel and Bichon Frise,Companion,designer,,true,2025-11-21 06:05:09.857806+00,2026-01-17 02:12:21.301237+00,3,3,0,28,Cavalier King Charles Spaniel,Bichon Frise,F1
7f0e7ee4-61b6-4752-a0f4-8bdeedfb6425,Black and Tan Coonhound,black-and-tan-coonhound,"Picture a bloodhound who decided daylight was overrated and took up a night shift chasing raccoons. That’s the Black and Tan Coonhound. Long-legged, deep-chested, and wrapped in that classic black-and-tan coat, this is a dog built for tracking with purpose.

Originally developed in the United States to follow scent trails through forests and up trees, the Coonhound doesn’t just sniff. It investigates. That nose is precise and persistent. Once it locks onto a trail, you become a secondary consideration. You may think you’re on a walk. The Coonhound knows you’re mid-operation.

Those long, pendulous ears and soulful eyes create an expression of permanent gentle concern, as if it’s quietly assessing your decision-making. The look is soft. The determination underneath it is not. They can cover ground efficiently and, despite a relaxed posture indoors, are surprisingly athletic when the mission calls.

Temperament is generally easygoing with family. They are affectionate without being clingy, content to lounge nearby once exercise needs are met. Energy levels sit in the moderate to high range. They need proper daily outings, preferably with time to follow scents. A rushed lap around the block will not satisfy a dog bred to track for kilometres.

And then there’s the voice. The bay is rich, musical, and capable of carrying impressive distances. It was designed to signal hunters across wooded terrain. Your neighbours may not fully appreciate this historical feature at midnight. Early training helps, but the instinct to vocalise when something interesting is afoot is part of the package.

Training requires patience. They are intelligent but independent. Positive reinforcement works best, especially when it involves food or praise. Heavy-handed methods will be met with polite resistance.

The Black and Tan Coonhound suits owners who appreciate a calm companion with a serious nose and a bit of personality. You won’t get robotic obedience. You’ll get loyalty, warmth, and the occasional midnight concert to local wildlife. It’s all part of the charm.","Gentle giant with a melodious voice. Patient and tolerant family companion, yet determined and tireless when hunting.",Large,4,3,3,2,4,4,3,3,3,3,4,3,23,34,58,69,10,12,Wire coat,"Enjoys 60-90 minutes of steady walking daily, with plenty of time to follow scents and explore.","Low grooming needs with short, dense coat requiring weekly brushing and ear cleaning",Scent-driven scholars who'll master tracking but may need GPS to find their food bowl.,United States,Hound,purebred,https://cowzzajbwtqfmrocefaw.supabase.co/storage/v1/object/public/dog-breed-images/black-and-tan-coonhound/black-and-tan-coonhound-01.webp,true,2025-11-21 06:05:12.483882+00,2026-01-17 02:12:21.301237+00,3,3,0,28,,,
82b67ab3-3b5b-4633-a859-0c16fe3673f3,Flat-Coated Retriever,flat-coated-retriever,"The Flat-Coated Retriever is what happens when you cross a Golden Retriever with a stand-up comedian and add an extra shot of enthusiasm. These sleek, elegant dogs approach life like they're perpetually eighteen years old, maintaining puppy-like exuberance well into their senior years. Originally bred as gun dogs in England, they're natural athletes who think fetching is the highest form of art. Flat-Coats are optimistic souls who believe every person they meet is a potential best friend and every stick is a gift from the universe. Their glossy coats (usually black or liver-colored) are relatively low-maintenance, but their energy levels require serious commitment. These dogs need jobs, exercise, and patient owners who don't mind being enthusiastically greeted like returning war heroes every time they come home. They're perfect for active families who want a loyal, athletic companion with an eternal sunny disposition.",Friendly and loyal companion,Large,4,3,2,3,2,4,3,3,3,5,3,3,25,36,56,62,8,10,Double coat,Regular exercise,"Moderate grooming needs with dense, flat coat requiring brushing 2-3 times weekly",Eternal optimists who approach training like the best game ever invented by humans.,United Kingdom,Sporting,purebred,,true,2025-11-21 06:04:45.621026+00,2026-01-17 02:12:21.301237+00,2,4,-10,25,,,
83526ab1-6831-44fd-a7e0-c747eff4856f,Bloodhound,bloodhound,"Meet the canine equivalent of a four-legged GPS with commitment issues. These wrinkled detectives can follow a scent trail older than your last relationship, their massive ears acting like scent-scooping satellite dishes. Originally bred to track medieval criminals, Bloodhounds approach life with the single-minded determination of someone hunting for car keys. Sweet-natured and gentle giants, they're surprisingly stubborn when their nose catches something interesting ? which is always. Living with a Bloodhound means accepting that walks are less """"stroll"""" and more """"following a drunk person home."""" They drool like broken faucets and bay like foghorns, but their patient, loving nature makes them wonderful family companions. Just don't expect them to come when called if there's literally any smell within a five-mile radius.","Gentle, determined, and scent-obsessed. A nose that never quits.",Large,4,3,3,2,3,3,3,3,5,3,3,3,36,50,58,69,10,12,Smooth coat,"Requires at least an hour of daily walking, with time to follow scents at a steady pace.",Low to moderate grooming needs with short coat requiring weekly brushing and regular ear and wrinkle cleaning,Nose-first thinkers who'll track a scent for miles but might forget their own name in the process.,Belgium/France,Hound,purebred,,true,2025-11-21 06:05:11.701973+00,2026-01-17 02:12:21.301237+00,3,3,0,28,,,
84244f84-abf7-42bd-bed5-4ad3a44be6ca,Standard Schnauzer,standard-schnauzer,"Picture a distinguished gentleman who moonlights as a security guard and takes both jobs very seriously. The Standard Schnauzer sports a magnificent beard and eyebrows that suggest they're perpetually contemplating important matters, like whether that squirrel requires investigation. These German working dogs combine intelligence with a healthy dose of stubbornness, making training feel like negotiating with a furry diplomat. Their wiry coat sheds minimally but requires professional grooming to maintain that sharp, dignified appearance. Alert watchdogs with selective hearing?they'll ignore """"sit"""" but detect a cheese wrapper from three rooms away. Playful with their families but reserved with strangers, they're excellent judges of character and won't hesitate to share their opinions. Perfect for experienced owners who appreciate a dog with strong opinions, impeccable timing for comic relief, and the ability to clear a room with suspicious strangers.",Friendly and loyal companion,Medium,4,3,2,4,4,3,2,2,1,3,3,3,14,20,44,50,13,16,Silky coat,Regular exercise,High grooming needs with wiry double coat requiring daily brushing and professional grooming every 6-8 weeks,Bearded Germans who learn systematically and execute commands with proper Germanic precision and efficiency.,Germany,Working,purebred,,true,2025-11-21 06:05:01.594938+00,2026-02-20 23:08:38.89079+00,3,3,0,28,,,
8469be3d-a854-49e6-8b53-bbdd65c11992,Boxer,boxer,"The eternal teenager of the dog world, Boxers bounce through life like caffeinated kangaroos with perpetual grins. These muscular goofballs were bred to hunt and guard, but they've clearly decided comedy is their true calling. With faces that look permanently surprised and bodies built like four-legged athletes, they're the class clowns who somehow made varsity sports. Boxers mature at the speed of geological formations ? expect puppy behavior well into their third year. They're incredibly loyal and protective but approach intruders by attempting to lick them into submission first. Their boundless energy requires serious outlets; understimulated Boxers redecorate homes in creative ways. Perfect for active families who don't mind being comedy sidekicks to a dog who thinks every day is the best day ever.","Playful, energetic, and protective. Excellent with children and active households.",Large,4,5,2,2,4,3,2,2,3,3,2,3,25,32,53,63,10,12,Smooth coat,"Needs 1-2 hours of vigorous daily activity, including running, play, and interactive games.","Low grooming needs with short, smooth coat requiring weekly brushing","Not the sharpest tool in the shed, Boxers can still learn. Takes a patient, loving teacher.",Germany,Working,purebred,,true,2025-11-21 06:04:54.780138+00,2026-01-17 02:12:21.301237+00,3,3,-5,28,,,
8519c285-4142-4653-81de-1ec9fd3969dc,Shiba Inu,shiba-inu,"Meet the internet's favorite dog breed ? a compact package of dignity, drama, and delightful stubbornness. These Japanese originals carry themselves like they're aware of their meme status and are quite pleased about it. Their fox-like faces and curled tails give them an impish quality, while their confident strut suggests they own everything they survey. Originally bred to hunt in mountainous terrain, they approach modern life with the independence of cats and the selective hearing of teenagers. They're famous for the """"Shiba scream"""" ? a vocal performance that suggests you've committed the gravest offense known to dogkind (usually something heinous like trying to trim their nails). Clean, quiet, and clever, they're perfect for people who want a dog with personality, dignity, and just enough attitude to keep you humble.","Shiba Inu is friendly, adaptable, and full of character. They thrive in loving homes and enjoy an active, engaged lifestyle.",Small,2,3,4,3,2,4,3,3,1,3,3,3,8,11,33,43,13,16,Double coat,Moderate to high depending on breed.,Moderate grooming needs with dense double coat requiring brushing 2-3 times weekly and seasonal grooming,"Japanese nationals who'll learn selectively, preferring commands that align with their personal samurai code.",Japan,Companion,purebred,,true,2025-11-21 06:05:07.526577+00,2026-01-17 02:12:21.301237+00,2,4,5,30,,,
85206d18-3c4a-4a4e-8ca8-49ba93b69744,Azawakh,azawakh,"Meet the supermodel of the sighthound world.The Azawakh doesn’t walk into a room so much as glide through it, like liquid mercury poured into an impossibly fine frame. Long legs, narrow waist, deep chest. This is a dog built by wind and distance, not for brute strength.

Originally treasured by nomadic tribes across the Sahel region of West Africa, the Azawakh was bred to guard camps and chase down fleet-footed prey across harsh terrain. Speed matters. Endurance matters. Drama does not. They can hit serious pace in seconds, then stop just as suddenly, as if to say, “Yes, I meant to do that.”

Coats come in striking earth tones, fawn, sand, red, brindle, often with crisp white markings. The look is minimalist and architectural. There’s no excess. Even their almond-shaped eyes seem to hold ancient knowledge and a mild suspicion of your life choices.

Temperament is where things get interesting. Azawakhs are affectionate, but selectively. Think cat in a dog’s body. They bond closely with their chosen humans and can be deeply loyal, but they are not everyone’s best friend. Strangers are assessed with cool detachment. If approved, they may be tolerated. If not, they will simply withdraw, dignity intact.

Energy levels are deceptive. Indoors, they are surprisingly calm. Elegant, even lazy. But they need proper outlets. Short, intense bursts of sprinting in a secure area are ideal. They are sprinters, not marathon joggers. After a serious run, they are fully prepared to conduct a world-class napping session on the softest surface available. Your couch is acceptable. Your bed is preferred.

Training requires patience and respect. They are intelligent, but not desperate to please. Harsh methods will shut them down. Clear structure and gentle consistency work best. They respond when they see value in the exercise.

The Azawakh suits experienced owners who appreciate quiet dignity and understated loyalty. If you want a clown, look elsewhere. If you want a refined, slightly aloof companion who will love you deeply but never perform for applause, you’ve found your dog. Just don’t expect it to fetch your slippers. It has standards.","Elegant, independent, and fast as the wind. Reserved with strangers but devoted to its family.",Large,4,3,3,2,2,3,3,3,3,3,4,3,15,25,58,74,12,15,Smooth coat,"Requires at least an hour of daily exercise, ideally with sprints in a secure area to satisfy its sighthound instincts.",Very low grooming needs with short coat requiring minimal brushing and occasional baths,Regal sighthound who'll consider your training suggestions but reserves final approval authority.,West Africa,Hound,purebred,https://cowzzajbwtqfmrocefaw.supabase.co/storage/v1/object/public/dog-breed-images/azawakh/azawakh-02.webp,true,2025-11-21 06:04:43.525361+00,2026-02-20 23:08:38.89079+00,5,2,10,35,,,
861d4cb7-bf3c-4b93-a868-00040dfa5226,Dandie Dinmont Terrier,dandie-dinmont-terrier,"Looking like a walking mustache with legs and a topknot that defies gravity, the Dandie Dinmont is the quirky intellectual of the terrier world. These long, low-slung characters move through life with the confidence of someone who knows they're delightfully ridiculous and doesn't care. Originally bred to hunt badgers and otters in the Scottish Borders, they still possess that terrier tenacity wrapped in a more thoughtful, less explosive package than their cousins. Their distinctive silky topknot and soulful eyes give them an almost philosophical appearance, like they're contemplating the meaning of tennis balls. They're devoted family dogs who get along well with children but can be a bit standoffish with strangers ? they need time to decide if you're worthy of their friendship.","Dandie Dinmont Terrier is friendly, adaptable, and full of character. They thrive in loving homes and enjoy an active, engaged lifestyle.",Small,4,3,3,3,4,3,3,3,1,3,3,3,8,11,20,28,11,13,Silky coat,"Requires 45?60 minutes of daily activity, including brisk walks and play.","Moderate grooming needs with soft, silky topcoat requiring regular brushing and professional trimming",Dignified Scots who'll learn properly but with enough attitude to remind you they're doing you a favor.,United Kingdom,Terrier,purebred,,true,2025-11-21 06:05:03.041485+00,2026-01-17 02:12:21.301237+00,3,3,0,28,,,
86800941-a7aa-49e3-b0c4-b793e2006bd9,Cane Corso,cane-corso,"Meet the gentle giant who looks like they bench press small cars for fun. These Italian mastiffs are basically professional bodyguards wrapped in gorgeous, athletic packages. With their imposing presence and soulful eyes, they're living proof that you can be tough and tender simultaneously. Naturally protective but surprisingly sensitive, they bond deeply with their families while maintaining a healthy skepticism of strangers. Their intelligence is matched only by their stubborn streak?they'll understand exactly what you want, then negotiate terms. Early socialization is crucial because an undersocialized Corso is like having a very large, very opinionated roommate. Perfect for experienced owners who want unwavering loyalty and a deterrent effect that works from three blocks away.","Confident, powerful, and protective. A natural guardian.",Large,4,3,2,2,4,3,2,2,3,3,3,3,40,50,58,70,10,12,Smooth coat,"Requires 60?90 minutes of exercise daily, with a mix of walks, training, and play.","Low grooming needs with short, dense coat requiring weekly brushing",Italian masterpieces who approach training like a serious business requiring mutual respect and clear contracts.,Italy,Working,purebred,,true,2025-11-21 06:05:01.219952+00,2026-01-17 02:12:21.301237+00,3,3,0,28,,,
878044d5-70bd-46c1-aae3-16e46dc1d15e,Jack Russell Terrier,jack-russell-terrier,"Meet the four-legged equivalent of triple-shot espresso with a PhD in mischief. These compact tornadoes were bred to chase foxes underground, which explains their fearless attitude and complete inability to understand the concept of """"too big to fight."""" They're like having a tiny personal trainer who never lets you skip leg day ? these bouncing balls of determination can leap their own height and will, repeatedly, often onto your kitchen counter. Their intelligence is both blessing and curse; they'll learn tricks in minutes then use that brain power to engineer elaborate escape plans. They're loyal, brave, and utterly convinced they're the size of a Great Dane. Perfect for active owners who enjoy having their furniture rearranged and their patience tested by a furry comedian.","Energetic, intelligent, and fearless small dogs. They are bold, athletic, and need experienced owners.",Small,5,3,2,2,4,3,2,2,1,3,4,3,6,8,25,38,13,15,Smooth coat,Very high exercise needs. Requires vigorous daily exercise and mental stimulation to prevent destructive behavior.,Low to moderate grooming needs with smooth or rough coat requiring weekly brushing,Pocket rockets who'll learn lightning-fast then immediately start redesigning your training program.,United Kingdom,Terrier,purebred,,true,2025-11-21 06:04:47.583962+00,2026-01-17 02:12:21.301237+00,3,3,0,28,,,
879951d0-20b5-423f-81ae-7523e3f735de,Cocker Spaniel,cocker-spaniel,"Those liquid amber eyes and silky ears that flow like curtains in a gentle breeze make Cocker Spaniels look like they stepped out of a Victorian romance novel. These medium-sized charmers were originally bird dogs, and they still approach life with a hunter's enthusiasm, whether they're chasing tennis balls or investigating interesting smells. Their sweet, eager-to-please nature makes them excellent family dogs, though they can be a bit sensitive ? think golden retriever with feelings that bruise easily. Their gorgeous coat requires regular grooming to prevent it from becoming a matted disaster that would make a sheep jealous. They're happiest when they're part of the action, following their humans around like devoted shadows with wagging tails and hopeful expressions.","Gentle, smart, and eager to please. Fantastic with children and always up for a game or a walk.",Medium,3,5,2,4,3,3,4,4,1,5,3,3,12,16,34,39,10,14,Curly coat,"Needs 60?90 minutes of daily exercise, with mental challenges and outdoor play.","High grooming needs with silky, feathered coat requiring daily brushing and professional grooming every 6-8 weeks",Sweet scholars who learn with tail-wagging enthusiasm but get distracted by every rustling leaf.,United Kingdom,Sporting,purebred,,true,2025-11-21 06:04:43.390962+00,2026-01-17 02:12:21.301237+00,3,3,0,28,,,
87c0b185-aebf-4b06-970f-0961396196c6,Bernedoodle,bernedoodle,A gentle giant combining Bernese loyalty with Poodle intelligence. Striking tri-color coats and calm demeanor make them family favorites.,"Loyal, Gentle, Intelligent, Playful",large,3,5,4,4,2,2,2,4,2,3,4,3,32,50,58,74,12,18,Wavy to Curly,Moderate,Regular brushing required,Easy to train,United States,Hybrid,designer,,true,2025-12-13 05:44:02.368256+00,2026-01-17 02:12:21.301237+00,2,5,5,20,Bernese Mountain Dog,Poodle (Standard),F1
88bb314c-8d01-4361-9141-8584577f9c2e,Chipoo,chipoo,"A tiny, spirited companion with Chihuahua sass and Poodle smarts. Better for adults—can be nippy with small children.","Alert, Energetic, Loyal, Feisty",small,4,2,4,3,4,2,5,3,1,3,2,4,2,4,13,23,12,15,Wavy to Curly,Low,Regular brushing required,Easy to train,United States,Hybrid,designer,,true,2025-12-13 05:44:02.368256+00,2026-01-17 02:12:21.301237+00,2,1,18,26,Chihuahua,Poodle (Toy),F1
8979815d-6ea2-457d-9e67-2725469e63f9,Irish Terrier,irish-terrier,"Meet the redheaded rebel of the terrier world, sporting a wiry copper coat and an attitude that suggests they've never met a challenge they didn't want to accept. Irish Terriers are like that friend who talks you into adventures you never planned but always remember fondly. These """"daredevils"""" were bred tough enough to hunt vermin and brave enough to serve as messenger dogs in WWI, which explains their fearless approach to everything from doorbells to vacuum cleaners. They're fiercely loyal to their families but treat strangers with the diplomatic skills of a bouncer. Their intelligence is matched only by their stubborn streak ? they'll learn your rules perfectly, then spend their time finding creative loopholes.",Friendly and loyal companion,Medium,4,3,2,3,4,3,3,3,1,3,4,3,11,12,43,48,13,15,Silky coat,Regular exercise,Moderate grooming needs with wiry coat requiring weekly brushing and occasional hand-stripping,Emerald Isle terriers who'll learn with Celtic spirit but never without a healthy dose of Irish attitude.,Ireland,Terrier,purebred,,true,2025-11-21 06:04:45.216338+00,2026-01-17 02:12:21.301237+00,3,3,0,28,,,
8e8e837e-c4ea-4f92-82d1-284671fd23c8,Dachshund,dachshund,"The Dachshund is a short-legged, long-bodied hound-type dog breed. Known for their bold personality and distinctive shape, Dachshunds are playful and devoted companions. They come in three coat varieties: smooth, wirehaired, and longhaired.","Clever, Stubborn, Devoted, Lively, Playful, Courageous",small,3,3,2,4,4,2,5,3,1,3,3,3,7,15,13,23,12,16,"Smooth, Wirehaired, or Longhaired",Moderate,Weekly brushing for smooth coat,"Can be stubborn, needs patience",Germany,Hound,purebred,,true,2025-12-13 05:51:19.330709+00,2026-01-17 02:12:21.301237+00,3,2,15,24,,,
8eaba02a-9130-4afa-8619-ba4beb3287fc,Redbone Coonhound,redbone-coonhound,"Meet the auburn-coated crooner of the hound world ? a dog whose howl could soundtrack a country ballad. These gorgeous redheads were bred to tree raccoons in American forests, explaining their athletic build and their tendency to announce every interesting scent within a five-kilometer radius. Their soulful eyes and noble bearing make them look like they're posing for a rustic magazine cover, but don't be fooled ? they're comedians wrapped in elegant packaging. They'll follow their noses with the determination of a detective and the attention span of a goldfish when it comes to recall commands. Patient and gentle with children, they're natural family dogs who just happen to believe that 4 AM is the perfect time for a neighborhood serenade.",Friendly and loyal companion,Large,4,3,3,2,4,3,3,3,3,3,3,3,20,32,53,69,11,12,Smooth coat,Regular exercise,"Low grooming needs with short, smooth coat requiring weekly brushing",Southern hunters who learn with drawling charm but get distracted by interesting scent trails.,United States,Hound,purebred,,true,2025-11-21 06:05:04.731381+00,2026-02-20 23:08:38.89079+00,3,3,0,28,,,
8f49664f-c1de-419f-97af-0481eb7b45e9,Mal-Shi,mal-shi,"The Mal-Shi is the canine equivalent of a living teddy bear that somehow learned to wag its tail and steal hearts. This Maltese-Shih Tzu cross was seemingly designed by a committee of kindergarten teachers who wanted the perfect classroom pet: gentle, patient, and impossibly fluffy. They possess an almost zen-like calm that makes them excellent therapy dogs and perfect companions for families with small children. Mal-Shis are the diplomats of the dog world, getting along with everyone from toddlers to grandparents to the grumpiest cats. They're content to adapt to their family's lifestyle, equally happy with a Netflix marathon or a gentle stroll through the park. These little clouds of happiness rarely meet a stranger they don't want to befriend, making them terrible guard dogs but excellent ambassadors for why dogs are humanity's best invention.","Gentle, affectionate, friendly; excellent with children; sociable; calm temperament; adaptable; minimal guarding instinct.",Small,2,4,4,4,2,3,5,4,1,2,4,2,3,6,20,30,12,15,Long silky coat,"Low to moderate, enjoys walks but content with indoor play.",High maintenance; requires regular professional grooming; daily brushing prevents matting.,"Eager to please; responds well to gentle, positive training methods.",USA,Crossbreed,designer,,true,2025-11-21 06:05:05.412363+00,2026-01-17 02:12:21.301237+00,3,3,0,28,Maltese,Shih Tzu,F1
911e15cb-cefb-442b-ab20-f9588a553e5b,Finnish Lapphund,finnish-lapphund,"Looking like a small, fluffy wolf who decided to become a therapy dog, the Finnish Lapphund combines Nordic resilience with an almost supernatural ability to read human emotions. These medium-sized herding dogs were bred by the Sami people to work with reindeer in the Arctic Circle, explaining their thick double coats and calm, steady temperaments. Lappies are gentle souls who approach life with quiet confidence and an uncanny ability to appear exactly when you need comfort. They're naturally submissive and eager to please, making them excellent family dogs who get along with everyone from toddlers to grandparents. Their weather-resistant coats shed seasonally like they're molting, and they have a distinctive curled tail that wags constantly. These adaptable, intelligent dogs are perfect for families who want a medium-sized companion with the heart of a therapist and the constitution of an Arctic explorer.",Friendly and loyal companion,Medium,4,3,2,4,4,4,3,3,1,3,2,3,15,24,41,52,12,15,Double coat,Regular exercise,High grooming needs with thick double coat requiring brushing 2-3 times weekly and seasonal grooming,Reindeer herders who'll learn but occasionally check if your training involves anything Arctic-related.,Finland,Herding,purebred,,true,2025-11-21 06:04:55.826014+00,2026-01-17 02:12:21.301237+00,2,4,-20,22,,,
929b7e0e-9269-42a1-ba45-b909c7de5972,Poodle (Toy),poodle-toy,"Picture all the intelligence and elegance of a Standard Poodle compressed into a package small enough to fit in an oversized handbag ? welcome to the Toy Poodle, Napoleon in curly coat form. These pocket-sized professors possess the confidence of dogs ten times their size and the problem-solving skills to back up their attitude. Originally bred down from hunting stock, they maintain their ancestors' intelligence while perfecting the art of being portable companions who happen to think they run the household. Their maintenance requirements rival those of a small horse ? daily brushing, regular grooming, and enough hair products to stock a salon. They're natural comedians who'll learn tricks faster than you can teach them, then use those skills for mild mischief and maximum attention. Perfect for those wanting big dog personality in apartment-friendly packaging.",Loves people and cuddles. Great lap dogs.,Toy,3,3,1,5,4,4,3,3,1,3,3,3,2,32,24,62,10,18,Double coat,Low  short daily walks and indoor fun.,"Very high grooming needs with curly, hypoallergenic coat requiring daily brushing and professional grooming every 6-8 weeks",You'll wonder who's training whom - these dogs are wicked clever and slightly unsettling in their intelligence.,Germany/France,Sporting/Toy,purebred,,true,2025-11-21 06:04:45.094263+00,2026-01-17 02:12:21.301237+00,2,4,0,28,,,
932932c3-1632-43f2-88ac-b513333d71a6,Pembroke Welsh Corgi,pembroke-welsh-corgi,"Meet the canine equivalent of a sports car with stubby legs ? all the power, half the ground clearance. These royal favorites pack German Shepherd energy into a loaf-of-bread body, creating delightful chaos as they attempt to herd everything from toddlers to tumbleweeds. Originally cattle herders, Corgis approach life with the confidence of a dog three times their size, which explains why they'll fearlessly boss around Great Danes at the dog park. Their fox-like faces hide calculating minds that excel at strategic cookie acquisition and selective hearing when bath time is mentioned. Expect daily entertainment from their wiggling, tailless behinds and commentary on every neighborhood happening. Fair warning: they shed enough fur to knit a second Corgi.",Friendly and loyal companion,Medium,4,3,1,3,4,4,3,3,1,3,3,3,10,14,25,30,12,13,Double coat,Regular exercise,Moderate grooming needs with double coat requiring brushing 2-3 times weekly and seasonal grooming,Royal favorites who'll learn everything while providing running commentary on your training technique.,Wales,Herding,purebred,,true,2025-11-21 06:04:52.559532+00,2026-02-20 23:08:38.89079+00,2,4,0,28,,,
93adbeb6-d5bf-4c05-8db8-edd5aec4561f,Alabai (Central Asian Shepherd),alabai-central-asian-shepherd,"The Alabai, also known as the Central Asian Shepherd, is not a pet in the conventional sense. It’s a presence. Massive, calm, and deeply serious about its job, this is a dog shaped by thousands of years of responsibility rather than human approval. Bred to guard livestock across the harsh landscapes of Central Asia, Alabais learned early that hesitation gets you hurt and noise wastes energy.

At first glance, they look intimidating, and that’s not an accident. Alabais are powerful, physically imposing dogs with a steady, watchful nature. They don’t pace or posture unnecessarily. They observe. When an Alabai reacts, it’s because it has decided something matters. This breed does not start trouble, but it will end it if needed.

With their family, Alabais are surprisingly gentle and deeply loyal. They form strong bonds and take their role as protector seriously, often positioning themselves between their people and the outside world without being asked. They are not clingy or attention-driven. Affection comes in quiet forms: staying close, keeping watch, and choosing to be near rather than on you. Trust is earned slowly, but once established, it runs deep.

Training an Alabai requires experience, patience, and confidence. This is an intelligent, independent thinker that expects leadership to be calm and consistent, not forceful. Heavy-handed training backfires quickly. These dogs respect boundaries and clarity, not domination. Early socialisation is essential so their natural guarding instincts develop into discernment rather than suspicion.

Despite their size, Alabais are not hyperactive. Indoors, they are often calm and measured, conserving energy as working guardians always have. They do best in homes with space, clear structure, and owners who understand what they are bringing into their lives. This is not a breed that thrives in apartments or busy social environments.

The Alabai suits experienced owners looking for a serious, stable companion rather than a performative pet. They won’t entertain guests or seek constant reassurance. What they offer instead is quiet strength, unwavering loyalty, and the unmistakable comfort of knowing your home is watched over by a dog that was born for the job.",Calm and loving,Giant,3,2,2,4,4,4,2,2,3,3,3,3,40,79,65,78,12,15,Double coat,Requires moderate daily exercise.,"Medium to high maintenance. Double coat requires regular brushing 2-3 times weekly, increasing to daily during seasonal shedding periods. Expect heavy shedding twice yearly",Ancient guardian instincts are hard-wired into them so training is a challenge,Central Asia,Working,purebred,,true,2025-11-21 06:05:03.566712+00,2026-02-20 23:08:38.89079+00,2,4,0,28,,,
941ea1bd-71d5-4882-a387-647c8ae846ec,Australian Terrier,australian-terrier,"Imagine a Yorkshire Terrier that did a stint on a cattle station, toughened up, and came back with stories it’s legally not allowed to tell. That’s the Australian Terrier. Small body, big nerve, and absolutely no awareness that it weighs about as much as a decent watermelon.

Originally bred to deal with vermin in unforgiving Australian conditions, this is not a handbag accessory. It’s a pocket-sized pest control unit with opinions. Rats, snakes, suspicious rustling in the hedge, the neighbour’s Great Dane. All receive the same energy: “I’ve got this.”

Physically, they’re compact and sturdy, usually around 6 to 7 kg and about 23 to 28 cm tall. The coat is rough and weatherproof, like it expects dust and drama. Those bright eyes miss nothing. The ears are permanently set to “What was that?” mode. Under the scruffy exterior is a surprisingly solid little athlete.

Temperament wise, they are classic terrier with a slightly more grounded Australian flavour. Brave, confident, curious, but often calmer indoors than their overseas cousins. Energy levels are moderate. They’re happy to explore, sniff, dig a little strategic hole, and patrol the perimeter. Then, once satisfied that the household is secure, they transform into a surprisingly enthusiastic lap warmer.

Training requires a sense of humour and consistency. They’re clever, but they are not blindly obedient. If you’re inconsistent, they will politely take over operations. Positive reinforcement works well, paired with clear boundaries. They respond best when they feel like this is a joint venture rather than a dictatorship.

With families, they’re loyal and affectionate. Many become devoted little shadows, following their people from room to room like a scruffy security detail. They can be excellent watchdogs, announcing visitors with conviction before deciding whether those visitors are acceptable.

The Australian Terrier suits people who want a small dog with backbone. Someone who appreciates a bit of sass, a lot of heart, and a dog that believes size is a technicality. You get the convenience of a compact companion, with the spirit of something that absolutely thinks it runs the farm.","Fearless, affectionate, and a little cheeky. Loves being part of an active household.",Small,4,3,2,3,4,3,3,3,1,3,4,3,6,7,24,26,11,15,Wire coat,"Enjoys 45-60 minutes of exercise daily, mixing walks with games or digging opportunities.",Moderate grooming needs with harsh coat requiring weekly brushing and occasional hand-stripping,"Plucky little smarties who'll learn fast but always with a distinctly Australian """"no worries"""" attitude.",Australia,Terrier,purebred,https://cowzzajbwtqfmrocefaw.supabase.co/storage/v1/object/public/dog-breed-images/australian-terrier/australian-terrier-02.webp,true,2025-11-21 06:04:49.960712+00,2026-01-17 02:12:21.301237+00,4,1,10,30,,,
95306688-825f-412d-a798-5899ce71b169,Harrier,harrier,"Imagine a Beagle who hit the gym and developed a serious career in scent detection. Harriers are the middle child of the hound family ? not as compact as Beagles, not as towering as Foxhounds, but perfectly sized for serious rabbit hunting. These athletic pack hounds have voices that could wake neighboring counties and noses that can track a scent through time and space. They're social butterflies who believe life is better with friends, making them excellent family dogs but terrible guard dogs ? they're more likely to invite burglars for a group howl. Their boundless energy requires owners who appreciate long walks and don't mind explaining to neighbors why their dog is """"singing"""" along to fire sirens.",Friendly and loyal companion,Medium,4,3,3,2,4,3,3,3,1,3,4,3,20,27,48,53,10,12,Curly coat,Regular exercise,"Low grooming needs with short, dense coat requiring weekly brushing",Pack hounds who prefer group training sessions with proper hunting etiquette and scent work.,United Kingdom,Hound,purebred,,true,2025-11-21 06:05:03.444973+00,2026-01-17 02:12:21.301237+00,3,3,0,28,,,
95b10e54-e52b-4809-88bf-5d5e76e0a001,Pug,pug,"Meet the comedian of the canine world ? a wrinkled potato with legs and the personality of your funniest friend. Pugs waddle through life with the confidence of emperors, which makes sense since they once warmed Chinese imperial laps. Their squished faces and bulging eyes give them a permanently bewildered expression, as if they're constantly surprised by their own adorableness. These compact clowns are professional nappers who somehow make snoring sound endearing. They're velcro dogs who'll follow you everywhere, including the bathroom, because privacy is apparently overrated. While their breathing sounds like a broken accordion and they overheat faster than a laptop running too many programs, their infectious joy and cuddle addiction make every wheeze worthwhile.","Charming, mischievous, and loving companion dogs. They are excellent apartment dogs and love being with people.",Small,2,4,3,2,3,4,5,4,1,4,4,3,6,8,25,36,13,15,Smooth coat,Low to moderate exercise needs. Daily walks and some playtime. Avoid overexertion in hot weather.,"Low grooming needs with short, smooth double coat requiring weekly brushing and facial fold cleaning",Wrinkled comedians who'll learn but prefer training that accommodates their breathing schedule and snack breaks.,China,Companion,purebred,,true,2025-11-21 06:04:56.751685+00,2026-01-17 02:12:21.301237+00,1,2,5,20,,,
95f2cc4b-3520-41da-9574-10e70ed7f7a4,Karelian Bear Dog,karelian-bear-dog,"Finland's fearless answer to """"hold my beer, I'll handle that bear."""" These black and white spitz dogs are basically four-legged alarm systems with the courage of cartoon heroes. They look like compact huskies who've been hitting the gym and developing serious opinions about large forest mammals. Their bark is their business card ? loud, persistent, and designed to annoy bears into leaving the neighborhood. They're the ultimate paradox: calm and steady at home, absolute maniacs when they catch a whiff of wildlife. Their independence is legendary; they'll chase a moose for hours then return acting like they just popped out for groceries. They need jobs, space, and owners who understand that """"recall"""" is more of a suggestion than a command when wildlife is involved. Perfect for those who live rurally and appreciate a dog with professional wilderness credentials.",Friendly and loyal companion,Large,4,3,2,3,4,4,2,2,3,3,2,3,17,23,49,60,11,13,Double coat,Regular exercise,Moderate grooming needs with dense double coat requiring brushing 2-3 times weekly,Finnish bear hunters who'll learn but prefer training that acknowledges their wilderness credentials.,Russia,Working,purebred,,true,2025-11-21 06:04:52.158886+00,2026-01-17 02:12:21.301237+00,2,4,-20,22,,,
964df44b-c13f-48f6-8944-4ac6b5fa2b45,Bull Arab (Australian Bull Arab),bull-arab-australian-bull-arab,"Australia's answer to """"what if we made a dog that's equal parts athlete and couch potato?"""" Bull Arabs are large, lean hunting machines who transform into gentle giants at home. These relatively new breeds combine the best traits of several working dogs, resulting in calm, intelligent companions with surprising versatility. They're built like canine bodybuilders but move with surprising grace, originally developed to hunt wild boar in the Australian bush. Bull Arabs are remarkably even-tempered and excellent with families, though their size means they're better suited to homes with space. They're low-maintenance despite their impressive appearance and surprisingly adaptable to various lifestyles. Think of them as the reliable friend who's always ready for adventure but equally happy watching Netflix. Perfect for families wanting a substantial, loyal companion without drama or excessive grooming requirements.","Tough, loyal, and adaptable. A working dog with a big heart.",Large,4,3,2,2,4,3,2,2,3,3,4,3,32,42,63,69,12,15,Smooth coat,"Needs 1?2 hours of active exercise daily, including runs and scent-based work.",Low grooming needs with short coat requiring weekly brushing,Powerful hunters who'll learn but always keep one eye on the horizon for something worth chasing.,Australia,Working,purebred,,true,2025-11-21 06:04:48.38177+00,2026-01-17 02:12:21.301237+00,3,3,0,28,,,
96a1ef27-046d-4abf-a648-263297ac3c0b,Affenpinscher,affenpinscher,"Meet the “Monkey Dog.” The nickname comes from the German Affen (ape or monkey) and Pinscher (a terrier-type dog), and one look at their face explains the rest. Affenpinschers wear their personality right out front. Deep, soulful eyes. Shaggy eyebrows. An unruly moustache and full beard that make them look permanently amused by you. They’re expressive, mischievous, and quietly confident. You don’t wonder what an Affenpinscher wants. You know. And that’s usually when you realise, you’re already in trouble.

The Affenpinschers story starts in Germany, where they were bred not as lap dogs but as working-class heroes. Their original job? Keeping kitchens and stables clear of rodents. Picture a tiny, bearded exterminator darting around barns with fearless determination, and you’ll get the idea. Thanks to their kind, loving nature it didn’t take long for their personality to earn them a promotion from ratcatcher to full-time companion, moving from hay bales to hearth rugs with ease.

What makes them so captivating is the contradiction: they look like little philosophers yet behave like mischievous court jesters. One moment, they’re perched on the sofa with an expression of deep, worldly wisdom: the next, they’re bouncing around the room like a wind-up toy, ready to turn anything into a game. Clever and spirited, they thrive on attention and repay it with endless entertainment. Heat and humidity knock them around because of their short muzzle; cold they handle a bit better.

Despite their size, Affenpinschers come with a generous dose of terrier grit. They’re bold, confident, and not easily intimidated even by dogs ten times their size. This self-belief can sometimes border on overconfidence, so early training helps keep their cheeky streak from turning into outright stubbornness.

Their wiry coats need regular grooming to keep the moustache and beard looking more stylish than scruffy, though a bit of wildness is part of the breed’s charm. As companions, they’re affectionate and loyal, happiest when glued to their people and included in the action.

In short, the Monkey Dog is equal parts comedian, philosopher, and fearless little adventurer. They may have started life as pest control, but today they’re experts in winning hearts. Whether making you laugh with their antics or gazing at you with soulful eyes that hint at great secrets of the universe, this loveable, bearded charmer proves that personality trumps size every time.","Loyal, confident and endearingly mischievous, these little ""monkey dogs"" combine comic charm with terrier-like spunk.",Small,2,3,3,4,4,2,3,3,1,3,2,3,3,7,23,30,12,15,Wire coat,Surprisingly active little dogs. They need a 30-minute walk plus interactive play sessions keep them content.,"Weekly brushing and combing to prevent matting, with professional grooming every 2-3 months to maintain their characteristic scruffy gentlemen look.","Intelligent and eager to please, but their independent nature means training requires patience and consistency.",Germany,Toy,purebred,https://cowzzajbwtqfmrocefaw.supabase.co/storage/v1/object/public/dog-breed-images/affenpinscher/affenpinscher-04.jpg,true,2025-11-21 06:04:41.024919+00,2026-02-20 23:08:38.89079+00,1,2,5,20,,,
971e8902-3222-43b2-92a7-cc21c0bb605d,English Springer Spaniel,english-springer-spaniel,"The English Springer Spaniel is basically a perpetual motion machine wrapped in a gorgeous coat, programmed to """"spring"""" into action at the slightest provocation. These medium-sized bundles of enthusiasm were born to flush game birds and still approach every walk like they're on a secret mission to find the world's most interesting smells. With expressive eyes that could guilt you into sharing your sandwich and a tail that wags their entire back end, Springers are pure joy on four legs. They're incredibly trainable when they're not distracted by every leaf that dares to move. These athletic comedians need serious exercise and mental stimulation, or they'll helpfully reorganize your garden and create abstract art with your sofa cushions. Perfect for active families who want a loyal, energetic companion with a PhD in enthusiasm.","Friendly, eager, and alert sporting dogs. They are excellent family pets and great with children and other pets.",Medium,4,5,2,3,3,4,3,5,1,5,3,3,18,25,46,56,12,14,Double coat,"Needs 45?60 minutes of daily activity, including walks and play.",Moderate to high grooming needs with medium-length coat requiring brushing 2-3 times weekly,Spring-loaded learners who master commands with bouncing enthusiasm and perpetual optimism.,United Kingdom,Sporting,purebred,,true,2025-11-21 06:04:57.021205+00,2026-01-17 02:12:21.301237+00,2,4,0,28,,,
97ad8cc2-f400-4ce4-8555-5604648c7b1b,Newfoundland,newfoundland,"Meet the Newfie?part dog, part swimming pool lifeguard, part gentle giant who thinks drowning is personally offensive. These magnificent water bears were born to rescue, whether you need it or not, and will happily """"save"""" you from your own swimming pool. With webbed feet and a waterproof coat, they move through water like furry submarines, but on land they lumber along with the grace of a friendly earthquake. Originally working alongside Canadian fishermen, they retain an almost mystical connection to water and an unshakeable belief that everyone needs their help. Expect a dog that takes up half your sofa, leaves puddles after drinking, and generates enough fur to knit a second dog. Patient, gentle, and devoted, they're perfect for families who don't mind sharing their space with a 60-kilogram teddy bear who drools.","Sweet, patient, and devoted gentle giants. They are excellent with children and natural water rescue dogs.",Giant,2,5,2,4,4,5,1,2,5,4,4,3,45,68,66,71,9,10,Smooth coat,Moderate exercise needs. Daily walks and swimming opportunities ideal. Avoid overexertion in hot weather.,"Very high grooming needs with thick, water-resistant double coat requiring daily brushing to prevent matting",Gentle giants who learn patiently and would happily save your life during training if necessary.,Canada,Working,purebred,,true,2025-11-21 06:04:48.768761+00,2026-02-20 23:08:38.89079+00,2,5,-30,20,,,
98454d01-e9cb-4dee-b1da-b6f03fb8644a,Aussiedoodle,aussiedoodle,"A brilliant, athletic cross inheriting Aussie work ethic and Poodle brains. Needs lots of mental stimulation and exercise.","Intelligent, Active, Loyal, Playful",Large,5,4,5,4,3,2,2,4,1,3,4,3,18,32,45,58,10,13,Wavy to Curly,High,Regular brushing required,Highly trainable,United States,Non-Sporting,designer,https://cowzzajbwtqfmrocefaw.supabase.co/storage/v1/object/public/dog-breed-images/aussiedoodle/aussiedoodle-02.jpg,true,2025-12-13 05:44:02.368256+00,2026-02-20 23:08:38.89079+00,3,4,8,24,Australian Shepherd,Poodle (Standard),F1
99734e89-57c2-4aee-8517-02e168936a6b,Giant Schnauzer,giant-schnauzer,"Meet the UFC heavyweight of the dog world who secretly writes poetry. Giant Schnauzers look like they could unalive you, but are more likely to lick thier owners to death. These bearded beauties were originally brewery guard dogs in Bavaria, which explains their serious work ethic and suspicious nature around strangers. They're like having a furry bodyguard who also happens to be your best friend's overprotective older brother. Highly intelligent but with opinions stronger than German beer, they need owners who appreciate their complex personality. They're devoted family dogs who take their job seriously ? sometimes too seriously, turning every delivery person into a potential threat requiring immediate investigation and commentary.",Friendly and loyal companion,Large,4,3,2,2,4,3,2,2,3,3,2,3,27,48,60,70,12,15,Wire coat,Regular exercise,"High grooming needs with hard, wiry coat requiring daily brushing and professional grooming every 6-8 weeks",Large and in charge - they'll learn but expect training to match their impressive physical presence.,Germany,Working,purebred,,true,2025-11-21 06:04:46.666971+00,2026-01-17 02:12:21.301237+00,3,3,0,28,,,
99869237-8f1a-494f-8453-02a35d526869,Belgian Malinois,belgian-malinois,"Meet the Navy SEAL of the dog world. The Belgian Malinois doesn’t merely have drive. It wakes up before the alarm and requests a briefing.

Lean, athletic, and permanently switched on, the Malinois looks like a German Shepherd that streamlined its design and removed all unnecessary components. Muscle without bulk. Speed without hesitation. Focus without mercy. Originally bred for herding, they’ve since upgraded to tasks like police work, military operations, protection sports, and anything else that requires precision under pressure.

Energy level? Yes. That’s the answer. This is a 5 out of 5 dog on both physical and mental scales. A gentle stroll around the block is a warm-up. They require structured exercise, advanced training, and real engagement every single day. Think obedience drills, scent work, bite work, agility, long runs. If you skip the plan, they will create one. It may involve architectural adjustments to your home.

Intelligence is formidable. They learn quickly, anticipate patterns, and respond with intensity. Training ease is high in the hands of an experienced handler. In the hands of someone vague or inconsistent, they will assume leadership and begin managing the operation themselves.

With their family, Malinois are loyal and deeply bonded. Protective instincts are strong. They are affectionate but not soft. This is not a casual, decorative companion. It is a working partner who expects clarity and purpose. Early socialisation and disciplined training are essential to channel that drive correctly.

Left under-stimulated, they can become restless, vocal, or destructive. Not out of spite. Out of surplus capability. A Malinois without a job is like a Formula One car in a supermarket car park. Impressive, but problematic.

The Belgian Malinois suits experienced, active handlers who understand working dogs and genuinely want a challenge. This is a breed that will outpace you if you’re not prepared. In the right home, they are extraordinary. In the wrong one, they are overwhelming.

Brilliant, relentless, and unapologetically intense, the Malinois does not do average. It does mission.","Highly intelligent, driven, and loyal. Needs experienced owners to channel its energy into positive work.",Large,5,3,2,3,4,4,2,2,1,3,4,3,20,30,56,66,14,16,Double coat,"Requires 2+ hours of intense physical and mental exercise daily, best with jobs or sport work.",Low grooming needs with short double coat requiring weekly brushing and seasonal shedding management,"The canine equivilent of an SAS operative: smart, friendly and playful, until they're not. God help any intruder.",Belgium,Working,purebred,https://cowzzajbwtqfmrocefaw.supabase.co/storage/v1/object/public/dog-breed-images/belgian-malinois/belgian-malinois-03.webp,true,2025-11-21 06:05:07.652344+00,2026-02-20 23:08:38.89079+00,2,4,-10,25,,,
998c9d74-946f-4d04-9dae-d322d96a1193,Kangal (Turkish Kangal),kangal-turkish-kangal,"Turkey's answer to """"what if we made a dog the size of a small bear but with the heart of a shepherd?"""" These magnificent guardians move like living fortresses, calm and confident until their flock needs protecting. They're the Zen masters of livestock guardian dogs ? patient, thoughtful, and absolutely devastating when provoked. With their distinctive black masks and powerful build, they look like they moonlight as superhero bodyguards. They're surprisingly gentle giants who treat their charges like precious cargo, whether that's sheep, goats, or your family cat. Their bark alone could register on seismic equipment, making them excellent natural alarm systems. They're not pets in the traditional sense ? they're partners with a job description that includes """"professional intimidator of wolves."""" Perfect for those with acreage and livestock who need a four-legged security consultant.","Kangal is friendly, adaptable, and full of character. They thrive in loving homes and enjoy an active, engaged lifestyle.",Giant,3,3,2,3,4,4,2,2,3,3,2,3,41,66,65,81,12,15,Double coat,Moderate to high depending on breed.,Moderate grooming needs with short to medium double coat requiring weekly brushing,Turkish guardians who approach training like homeland security briefings - serious and territorial.,Turkey,Working,purebred,,true,2025-11-21 06:05:08.290394+00,2026-02-20 23:08:38.89079+00,2,4,0,28,,,
9b69694b-fd3b-49b3-8359-33b5a70ee6d5,Yorkshire Terrier,yorkshire-terrier,"The Yorkshire Terrier is a small terrier type developed in Yorkshire, England. Affectionately known as Yorkies, they have a big personality in a tiny package. Despite their small size, they are brave, determined, and energetic.","Bold, Confident, Courageous, Intelligent, Independent, Spirited",small,4,3,3,5,4,1,5,3,1,4,2,4,2,3,18,23,13,16,"Long, Silky",Low,"Daily brushing, regular trimming","Moderately trainable, can be stubborn",England,Toy,purebred,,true,2025-12-13 05:51:19.330709+00,2026-01-17 02:12:21.301237+00,2,2,18,26,,,
9bcfdcc8-4c58-415a-9c1f-99d52a7a7e8e,Shih-Poo,shih-poo,"The Shih-Poo is the canine equivalent of that friend who's equally happy at a house party or a quiet book clubthis Shih Tzu-Poodle cross combines royal Chinese charm with French intelligence to create the ultimate adaptable companion. They possess an almost zen-like ability to match their family's energy level, content to be couch potatoes or weekend adventurers as the mood strikes. Shih-Poos inherit the Shih Tzu's people-loving nature and the Poodle's cleverness, resulting in a dog that genuinely enjoys meeting new people and learning new tricks. They're the diplomats of the small dog world, getting along with children, seniors, cats, and probably the occasional friendly squirrel. These curly-coated charmers are perfect for apartment living but equally happy in larger homes. They rarely bark without reason and seem to understand the concept of indoor manners. Fair warning: their cuteness levels may cause spontaneous squealing from strangers on the street.","Friendly, affectionate, adaptable; excellent with children; sociable; calm; intelligent; minimal guarding instinct.",Small,2,4,4,4,2,2,5,4,1,2,4,2,3,9,20,35,12,16,Curly/wavy coat,"Low to moderate, enjoys walks but content with indoor activities; adaptable to owner's lifestyle.",High maintenance; requires daily brushing; regular professional grooming essential to prevent matting.,Intelligent and eager to please; responds well to positive training; learns quickly with patience.,USA,Crossbreed,designer,,true,2025-11-21 06:04:42.740968+00,2026-01-17 02:12:21.301237+00,3,3,0,28,Shih Tzu,Poodle (Toy),F1
9caa00ab-30f8-4e36-b5a9-b6e7c5836066,Puli,puli,"Imagine a mop gained sentience and decided to become an acrobatic sheep herder. That’s the Puli. This Hungarian working breed is famous for its extraordinary corded coat, a cascade of natural woolly cords that form over time and turn the dog into something between a rock star and a walking floor-cleaning device.

But here’s the thing. The coat is not a gimmick. It was engineered by history. The Puli was developed in Hungary to herd and guard flocks across harsh terrain and unpredictable weather. Those dense cords act as insulation, armour and raincoat all at once. Cold, heat, wind, light rain, they handle it. Mud somehow disappears once dry, as if the dog runs its own self-cleaning cycle.

Underneath that dramatic exterior lives a compact, spring-loaded athlete. Pulis are quick, agile and explosive movers. They don’t run so much as bounce. Watch one leap and pivot and you understand immediately that this is a working dog built for speed and precision. They excel at agility, obedience and anything that resembles a job.

And they absolutely want a job.

The Puli is intelligent, alert and strongly bonded to its people. This is not a casual, decorative breed. They are classic velcro herders. If you move, they notice. If the children run, they may gently attempt to organise them. If guests arrive, they will assess the situation before granting approval. Their instincts are sharp and very much intact.

They are vocal. Not hysterical, but communicative. Barking was part of their historical toolkit, and modern Pulis still believe in keeping you informed. Early training helps shape that instinct into appropriate alert behaviour rather than commentary on every passing car.

Energy levels are high. A Puli needs consistent daily exercise and mental stimulation. Long walks, structured play, agility training, trick work, something that engages both body and brain. If under-stimulated, they will create their own projects. Landscaping, sock redistribution, creative interior adjustments. They are inventive.

Grooming is serious business. The coat cords naturally as the puppy coat transitions, and owners must separate cords by hand to prevent matting. It is not brushing in the traditional sense. It is coat management. Done properly, shedding is minimal because loose hair becomes part of the cord structure. Done poorly, you get a woolly disaster. This is a commitment breed.

With children, they are generally good, especially in active families. With other pets, early socialisation matters. Their herding instinct may show as circling or gentle nudging rather than aggression. They are confident without being reckless.

They adapt well to different climates thanks to that remarkable coat, but they are not couch ornaments. Apartment life is possible if exercise is substantial, but a Puli truly thrives where there is space, structure and purpose.

In short, the Puli is a brilliant, driven working dog wearing one of the most distinctive coats in the canine world. If you want a smart, loyal, athletic companion who looks like a reggae legend and works like a border collie with a gym membership, this is your breed. Just be prepared to earn it.",Friendly and loyal companion,Medium,4,3,3,5,4,2,3,3,1,3,4,3,10,15,36,45,10,15,"Naturally corded coat that forms dense, woolly cords","High. This is a working herding dog in a medium body. Expect at least 60–90 minutes of daily activity plus mental stimulation. Long walks alone are not enough. They thrive with agility, obedience, scent work or structured games. If you give them a job, they shine. If you don’t, they invent one.","Very high commitment, but different from typical long-coated breeds. The coat forms natural cords as the dog matures. Owners must manually separate cords to prevent large mats forming. Bathing takes time because cords dry slowly. The upside is minimal shedding once cords are established. The downside is you now manage a wool system. This is not a wash-and-go dog.","Highly intelligent and responsive, but not robotic. They learn quickly and enjoy structured training. Positive reinforcement works best. Keep sessions varied and engaging. Harsh corrections backfire. Start early socialisation to manage their natural suspicion of strangers and channel their alert instincts appropriately.",Hungary,Herding,purebred,,true,2025-11-21 06:04:57.155441+00,2026-01-17 02:12:21.301237+00,3,3,0,28,,,
9faf161f-dafe-4ed6-b07c-71bdcfeeea29,Toy Fox Terrier,toy-fox-terrier,"Imagine a regular Fox Terrier who went through a shrinking machine but forgot to adjust their personality accordingly. Toy Fox Terriers are mighty mites who strut around with the confidence of dogs ten times their size, often leading to hilarious confrontations with garden gnomes and housecats. These pocket-sized dynamos sport smooth tri-color coats and alert expressions that suggest they're constantly plotting something entertaining. Born entertainers who learn tricks faster than most humans learn names, they're natural circus performers trapped in living rooms. Their terrier heritage means they'll chase anything that moves, including dust bunnies and their own shadows. Alert watchdogs who bark at suspicious activities like leaf movement and cloud formations, they take their security duties seriously despite weighing less than most cats. Perfect for families wanting maximum personality in minimal packaging, who don't mind explaining to strangers that yes, that really is a dog, not an animated stuffed animal.",Friendly and loyal companion,Small,2,3,2,2,4,3,3,3,1,3,4,3,2,3,22,29,13,15,Smooth coat,Regular exercise,"Low grooming needs with short, smooth coat requiring weekly brushing",Pocket athletes who learn quickly and perform every command with maximum terrier attitude per pound.,United States,Companion,purebred,,true,2025-11-21 06:04:44.243385+00,2026-01-17 02:12:21.301237+00,4,1,10,30,,,
a36e071d-4af8-46db-a067-37c1458141c1,Cavalier King Charles Spaniel,cavalier-king-charles-spaniel,"Meet the four-legged embodiment of """"treat everyone like your best friend."""" These silky-coated angels trot through life with perpetual optimism and tails that never stop wagging. Originally bred as lap warmers for British royalty, they still believe their primary job is providing comfort and unconditional love. With their huge, soulful eyes and gentle expression, they're basically therapy dogs who don't know they're working. Their spaniel heritage means they'll chase the occasional butterfly, but they're equally content being professional couch ornaments. Health considerations require careful breeding selection, but their sweet temperament makes them worth the extra attention. Perfect for families, seniors, or anyone needing a four-legged ray of sunshine who thinks every day is Christmas morning.","Graceful, loving, and gentle. Ideal as a therapy or companion dog.",Small,2,5,2,3,2,4,5,5,1,5,2,3,6,8,30,33,12,15,Double coat,"Enjoys 45?60 minutes of daily activity, combining walks with gentle play.",Moderate grooming needs with silky coat requiring brushing 2-3 times weekly,Royal sweethearts who learn eagerly to please but sometimes get distracted by butterflies and sunbeams.,United Kingdom,Companion,purebred,,true,2025-11-21 06:04:59.122884+00,2026-01-17 02:12:21.301237+00,1,4,5,20,,,
a4832d1c-6303-4bb7-b5e4-465b18c4ce77,Australian Shepherd,australian-shepherd,"Don’t let the name fool you. The Australian Shepherd didn’t come from Australia. It was refined by Basque shepherds working stock in the American West. The branding stuck. The work ethic never left.

Medium-sized, athletic, and wrapped in coats that look like a tie-dye experiment that actually worked, Aussies are built for movement and momentum. Blue merle, red merle, black, red. Add in those striking eyes, often mismatched, and you’ve got a dog that looks like it’s thinking three steps ahead. It usually is.

These dogs were bred to herd. Not casually guide. Herd. That instinct runs deep. Sheep, goats, children, other dogs, drifting conversations. If it moves, it might need organising. Early training and socialisation are critical because that drive does not switch off on its own. It just waits for direction.

Intelligence is high. Very high. Training ease scores well when the handler is clear and consistent. They respond beautifully to structured, positive training and quickly lose respect for inconsistency. Mental stimulation is not optional. Obedience, agility, scent work, advanced tricks. Give them a job and they rise to it. Leave them underworked and they’ll draft their own agenda, which may involve light home renovation.

Energy levels sit at 4 or 5 out of 5 in many lines. A couple of short walks won’t satisfy them. Think long hikes, active play, real engagement. They thrive in homes where outdoor activity is part of daily life, not an occasional event.

They are famously velcro. Aussies bond tightly and prefer to be near their people. That loyalty is one of their strengths. It also means separation anxiety risk can be moderate to high. Long hours alone without preparation can create stress behaviours.

With families, they are affectionate, loyal, and often excellent with children when properly trained. They are protective without being reckless, alert without being needlessly aggressive. But they require involvement. This is not a decorative dog for a quiet corner.

The Australian Shepherd suits active individuals and families who want a clever, responsive partner. It does not suit anyone shopping for looks alone or hoping intelligence will entertain itself. In the right hands, the Aussie is brilliant. In the wrong setup, it’s a bored genius with far too much time to think.","Highly intelligent, active, and loyal. Needs plenty of mental and physical stimulation to stay happy.",Large,5,4,4,4,4,4,2,2,1,3,3,3,16,32,46,58,12,15,Double coat,"Very high exercise needs. Requires 2+ hours of vigorous activity daily including running, hiking, and dog sports.","Moderate to high grooming needs with double coat requiring brushing 2-3 times weekly, daily during shedding","Brilliant problem-solvers who'll learn everything quickly, then teach themselves advanced tricks out of boredom.",Australia,Herding,purebred,https://cowzzajbwtqfmrocefaw.supabase.co/storage/v1/object/public/dog-breed-images/australian-shepherd/australian-shepherd-02.webp,true,2025-11-21 06:04:59.374413+00,2026-02-20 23:08:38.89079+00,2,4,-10,25,,,
a4fb8a1e-cd07-4467-b12b-7b3543752ae7,Presa Canario,presa-canario,"Picture a bouncer who moonlights as a teddy bear ? that's the Presa Canario. Originally bred to guard Canary Island farms and wrangle cattle, these muscular mastiffs carry themselves with the confidence of someone who knows they could bench press a small car. Their wrinkled faces and droopy jowls give them a perpetually thoughtful expression, like they're contemplating the meaning of biscuits. Despite their intimidating size, they're surprisingly gentle with their families, though they view strangers with the suspicion of a nightclub doorman. These dogs need experienced owners who understand that beneath that cuddly exterior lies a powerful guardian with strong protective instincts and an independent streak wider than the Atlantic.",Friendly and loyal companion,Giant,4,3,2,2,4,3,2,2,3,3,3,3,38,60,56,66,9,11,Curly coat,Regular exercise,"Low grooming needs with short, coarse coat requiring weekly brushing",Canary Island guardians who learn intensely but always maintain that island-fortress territorial attitude.,Spain,Working,purebred,,true,2025-11-21 06:05:05.014726+00,2026-02-20 23:08:38.89079+00,3,3,-5,28,,,
a86be326-d8a9-4aab-abfa-fd09204ad931,Basenji,basenji,"Meet the dog that forgot how to dog. The Basenji is famously “barkless”, which sounds peaceful until you discover the yodel. It’s less “woof” and more alpine opera rehearsal at unexpected moments. Subtle, it is not.

Originating in Central Africa as a hunting dog, the Basenji is compact, elegant, and built for speed. They move like gazelles on espresso. Lean muscle, tight skin, curled tail carried like a punctuation mark. Every part of them suggests efficiency. Every part of them is also quietly judging you.

They are fastidiously clean. Basenjis groom themselves like cats, meticulously and with clear standards. They dislike being dirty and will often avoid puddles with a look that says, “I have self-respect.” The upside is minimal doggy odour. The downside is they expect the same standards from you.

Intelligence runs high, but it’s not the eager-to-please variety. This is strategic intelligence. You give a command, they process it. They evaluate cost versus benefit. They decide. Sometimes they comply. Sometimes they file it under “not in my interests.” Training works best when it’s engaging, consistent, and respectful. Heavy-handed approaches will get you nowhere.

Energy levels are solid. They need proper exercise, ideally in secure areas because recall can become optional if something more interesting appears. Small wildlife triggers that ancient hunting drive. Fences need to be secure. Really secure. They are clever escape artists with a talent for identifying structural weaknesses.

With their people, they are affectionate but not clingy. Think clever, slightly aloof roommate rather than shadow. They bond deeply yet maintain independence. Strangers are viewed with polite suspicion. They will observe before committing.

The Basenji suits experienced owners who enjoy a bit of personality with their companionship. If you want unquestioning obedience, look elsewhere. If you appreciate wit, independence, and a dog that occasionally appears to be assessing your decision-making, the Basenji delivers. Just keep an eye on your socks. They collect trophies.","Independent, smart, and graceful. Known as the  barkless dog  but makes plenty of other unique sounds.",Medium,4,3,5,1,2,2,3,3,1,3,4,3,9,11,38,43,13,14,Smooth coat,"Needs about an hour of daily activity, including brisk walks and secure off-lead runs to burn energy.",Very low grooming needs with short coat requiring minimal brushing and self-grooming habits,"The """"barkless"""" dog will learn but only with patience and treats.",Central Africa,Hound,purebred,https://cowzzajbwtqfmrocefaw.supabase.co/storage/v1/object/public/dog-breed-images/basenji/basenji-02.webp,true,2025-11-21 06:04:58.967627+00,2026-02-20 23:08:38.89079+00,5,2,10,35,,,
a943f06e-9d1f-42af-bcfc-4d64bbf09c32,Bulldog (English Bulldog),bulldog-english-bulldog,"The four-legged embodiment of """"work smarter, not harder,"""" English Bulldogs have perfected the art of minimal effort maximum charm. These wrinkled philosophers approach life with the unhurried pace of someone who's already figured out that naps are humanity's greatest invention. Originally bred for bull-baiting, they've since specialized in couch-warming and looking adorable while breathing like broken air conditioners. Their flat faces mean they overheat easily and snore like freight trains, but their gentle, patient nature makes them excellent companions for anyone who appreciates low-maintenance friendship. Bulldogs are surprisingly stubborn ? they'll hear your commands, consider them carefully, then do exactly what they wanted anyway. Perfect for people who want a loyal friend who won't judge their Netflix binge-watching habits and shares their appreciation for air conditioning.","Calm, affectionate, and courageous. A loving companion that adapts well to relaxed lifestyles.",Medium,1,4,4,2,2,3,5,4,5,4,3,3,18,25,31,40,8,10,Smooth coat,"Enjoys 30?60 minutes of moderate activity daily, including short walks and indoor play.",Low grooming needs with short coat requiring weekly brushing and daily wrinkle cleaning,Stubborn sweethearts who'll eventually learn but only after making it clear they're not in any hurry.,United Kingdom,Companion,purebred,,true,2025-11-21 06:05:10.261898+00,2026-02-20 23:08:38.89079+00,3,3,0,28,,,
aa21e79c-0d1f-4d09-97a3-41c5c72a19ba,Boykin Spaniel,boykin-spaniel,"South Carolina's best-kept secret, the Boykin Spaniel is like a chocolate Lab who went to charm school. These medium-sized water dogs were bred to hunt from small boats, making them surprisingly compact powerhouses with webbed feet and boundless enthusiasm for anything involving water. Their rich brown coats shimmer like coffee beans, and their expressive eyes could convince you to share your sandwich ? which they absolutely expect. Boykins are the golden retrievers' cooler, more athletic cousins: equally friendly but with better fashion sense and superior swimming skills. They're gentle enough for families but tough enough for serious hunting work. Think of them as the perfect southern gentlemen ? polite, hardworking, and always ready for a swim. They'll retrieve anything you throw, whether you meant to throw it or not.","Friendly, intelligent, and eager to please. Loves water and outdoor fun.",Medium,4,3,2,3,2,3,3,3,1,5,3,3,11,18,36,46,10,15,Curly coat,"Needs 60?90 minutes of daily activity, including walks, swimming, and retrieving games.",Moderate grooming needs with wavy to curly coat requiring brushing 2-3 times weekly,Eager Southern scholars who'll learn with tail-wagging enthusiasm and Carolina charm.,United States,Sporting,purebred,,true,2025-11-21 06:05:06.716651+00,2026-01-17 02:12:21.301237+00,3,3,0,28,,,
ad8ba67a-1c0b-4e22-82f1-b1ef73fae66f,English Cocker Spaniel,english-cocker-spaniel,"With ears that could double as silk scarves and eyes that plead for """"just one more treat,"""" the English Cocker Spaniel is pure liquid charm in a medium-sized package. Originally bred to flush woodcock from English hedgerows, these merry souls still approach life like every day is opening day of hunting season. They're the golden retrievers' slightly smaller, more refined cousins who never quite outgrew their puppy enthusiasm. Cockers are people-pleasers who'll learn tricks for belly rubs and have an alarming ability to look devastated when you're eating without sharing. Their silky coats require regular grooming unless you enjoy the """"permanently windswept"""" look. Sweet-natured but surprisingly sturdy, they're happiest when they're part of every family adventure, from muddy hikes to Netflix marathons.",Sociable and intelligent; loves family time.,Medium,4,3,2,3,3,3,3,3,1,5,3,3,13,16,38,43,12,15,Silky coat,"Needs 1?2 hours of daily exercise, including runs, agility, and retrieving.","High grooming needs with silky, feathered coat requiring daily brushing and professional grooming",Merry learners who approach training like a delightful game involving treats and praise.,United Kingdom,Sporting,purebred,,true,2025-11-21 06:05:01.349853+00,2026-01-17 02:12:21.301237+00,3,3,0,28,,,
adf8f51a-282f-45d3-b262-9083ace9e180,Shih Tzu,shih-tzu,"Imagine a walking dust mop that gained consciousness and decided to become a professional lap warmer ? meet the Shih Tzu. These compact Chinese royals were bred specifically to be palace companions, and they've never forgotten their aristocratic origins. Their flowing coats and pushed-in faces give them the appearance of tiny, living teddy bears with permanently surprised expressions. They approach modern life with the confidence of someone who knows they're destined for cushions and cuddles. Originally called """"lion dogs,"""" they have all the hunting instincts of actual lions ? meaning none whatsoever, unless you count their ability to track down the coziest spot on any sofa. They're professional charmers who believe the world revolves around their comfort, and honestly, they're usually right. Perfect for people who want a beautiful, affectionate companion who thinks exercise means walking to the food bowl.","Affectionate, playful, and outgoing companion dogs. They are excellent lap dogs and adapt well to apartment living.",Small,2,4,3,5,3,4,5,4,1,4,3,3,4,7,20,28,10,18,Double coat,Low exercise needs. Daily short walks and indoor play sufficient. Enjoys being a companion more than exercising.,"Very high grooming needs with long, flowing double coat requiring daily brushing or professional grooming for shorter cuts",Chinese palace dogs who learn politely but prefer training that doesn't interfere with royal grooming schedules.,China,Companion,purebred,,true,2025-11-21 06:05:11.004362+00,2026-01-17 02:12:21.301237+00,2,4,10,32,,,
af31b83e-04f3-4d8b-866e-609a137ef821,Schipperke,schipperke,"Picture a fox who decided to cosplay as a small bear ? that's the Schipperke. These compact Belgian boat dogs sport all-black coats and perpetually alert expressions, like tiny ninjas ready for action. Originally bred to guard canal barges and hunt rats, they approach modern life with the intensity of security guards in furry costumes. Their pointed ears and bright eyes give them an impish quality, and their mischievous grins suggest they're always plotting something delightfully naughty. They're escape artists who can squeeze through gaps that seemingly defy physics, and their barking skills could wake neighboring countries. Despite their size, they think they're Great Danes and will cheerfully inform everyone of their opinions. Smart, spirited, and slightly ridiculous, they're perfect for people who want a big dog personality in a compact package.",Friendly and loyal companion,Small,4,3,2,3,4,4,3,3,1,3,3,3,5,8,25,33,12,14,Double coat,Regular exercise,Moderate grooming needs with dense double coat requiring brushing 2-3 times weekly,Belgian barge dogs who learn eagerly but maintain that canal boat independence and occasional mischievous streak.,Belgium,Companion,purebred,,true,2025-11-21 06:04:58.845876+00,2026-01-17 02:12:21.301237+00,2,4,5,28,,,
b17c11ab-376a-477a-8b32-fac5bc28cafb,Clumber Spaniel,clumber-spaniel,"Meet the gentle giant of the spaniel world ? imagine if a golden retriever went to finishing school and gained some distinguished weight. These low-slung, thoughtful dogs move through life with the unhurried confidence of someone who's never missed afternoon tea. Originally bred for British nobility's hunting parties, they still carry themselves with aristocratic dignity, though they're perfectly happy to roll around in mud like common peasants. Their sweet, patient nature makes them excellent with children, but their shedding could supply a small textile factory. These are thinking dogs who prefer strategy over speed, approaching everything from fetch to food puzzles with careful consideration. Perfect for families who appreciate a dog with both brains and impeccable manners.","Gentle, affectionate, and easy-going. Loves a slower pace of life with plenty of cuddles.",Large,2,3,2,3,2,3,3,3,3,5,2,3,25,39,43,51,10,12,Smooth coat,"Needs 1?2 hours of daily activity, ideally with running or retrieving.","Moderate to high grooming needs with silky, feathered coat requiring brushing 2-3 times weekly",Laid-back learners who approach training with the enthusiasm of a comfortable retiree taking adult education.,United Kingdom,Sporting,purebred,,true,2025-11-21 06:04:48.62807+00,2026-01-17 02:12:21.301237+00,3,3,0,28,,,
b2bee5d1-b899-40be-a542-9b7b225d9d35,Irish Water Spaniel,irish-water-spaniel,"Behold the class clown of the sporting group: a chocolate-colored comedian with a topknot that looks like they stuck their paw in an electrical socket. Irish Water Spaniels are the largest spaniels, sporting tight curls everywhere except their smooth """"rat tail"""" that seems borrowed from a different dog entirely. These aquatic athletes were born to retrieve waterfowl, which explains their webbed feet and their belief that every body of water is a personal swimming pool. They're wickedly intelligent with a sense of humor that borders on the theatrical ? they'll perform tricks with the flair of a Vegas entertainer. Their clownish exterior hides a sensitive soul that bonds deeply with family while maintaining a healthy skepticism about strangers and their questionable motives.",Friendly and loyal companion,Large,4,3,2,4,2,3,3,3,1,5,3,3,20,30,51,61,12,13,Wire coat,Regular exercise,"High grooming needs with curly, water-repellent coat requiring brushing every 2-3 days and professional grooming",Curly clowns who master water work but approach land-based training with aquatic skepticism.,Ireland,Sporting,purebred,,true,2025-11-21 06:05:09.212604+00,2026-02-20 23:08:38.89079+00,3,3,0,28,,,
b3620057-8b27-4636-abfd-6ecbe1b01ae6,Miniature Bull Terrier,miniature-bull-terrier,"All the personality of a full-size Bull Terrier packed into a more apartment-friendly package, the Miniature Bull Terrier bounces through life like a caffeinated egg with legs. Their distinctive football-shaped heads and triangular eyes give them a permanently mischievous expression that accurately reflects their personality. Originally bred down from their larger cousins, they retained all the clownish charm and stubborn independence that makes Bull Terriers simultaneously delightful and challenging. They're surprisingly athletic despite their compact build and need owners who can match their energy and outsmart their schemes. These little comedians are devoted to their families but can be scrappy with other dogs. Think of them as the class clown who's also surprisingly athletic and occasionally gets into trouble.",Friendly and loyal companion,Medium,4,3,3,1,4,3,3,3,1,3,3,3,11,15,25,35,11,13,Smooth coat,Regular exercise,"Low grooming needs with short, flat coat requiring weekly brushing",Compact mischief makers who'll learn creatively and usually add unauthorized personal improvements.,United Kingdom,Terrier,purebred,,true,2025-11-21 06:04:41.671062+00,2026-02-20 23:08:38.89079+00,3,3,0,28,,,
b480b6a6-12e2-4886-ac10-fe3e5e520b43,Rhodesian Ridgeback,rhodesian-ridgeback,"Sporting a mohawk of reverse-growing fur along their spine, Ridgebacks look like they're perpetually ready for a punk rock concert. Originally bred to hunt lions in Africa (yes, actual lions), they carry themselves with the quiet confidence of someone who knows they've faced bigger challenges than your cat. Their athletic builds and noble expressions suggest they should be starring in adventure films, preferably ones involving dramatic sunsets and heroic rescues. These gentle giants are surprisingly mellow house dogs who save their energy for important things, like chasing tennis balls and protecting their families. They're independent thinkers who'll obey commands after carefully considering whether they agree with your logic. Patient with children but naturally reserved with strangers ? basically, the dignified bodyguards of the dog world.","Rhodesian Ridgeback is friendly, adaptable, and full of character. They thrive in loving homes and enjoy an active, engaged lifestyle.",Large,4,3,2,2,2,3,3,3,3,3,4,3,29,39,61,69,10,12,Smooth coat,Moderate to high depending on breed.,"Low grooming needs with short, dense coat requiring weekly brushing","African lion hunters who'll learn respectfully but maintain that """"I've faced worse than your training"""" confidence.",Zimbabwe/South Africa,Hound,purebred,,true,2025-11-21 06:04:58.068416+00,2026-02-20 23:08:38.89079+00,5,2,10,35,,,
b4961a3d-2589-46a3-8e23-264cf789a7f9,Brussels Griffon,brussels-griffon,"Meet the dog world's grumpiest philosopher, Brussels Griffons look like they've been personally offended by existence itself. These tiny, bearded critics sport expressions of perpetual disapproval, as if they're constantly judging your life choices ? which they probably are. Originally bred to hunt rats in Belgian stables, they've evolved into self-important lap dogs with surprisingly big personalities. Their almost-human expressions range from mildly annoyed to deeply concerned, making them living memes. Despite their grumpy facades, Griffons are incredibly affectionate with their chosen humans, though they maintain strict standards about who deserves their attention. They're surprisingly brave for their size but prefer intellectual pursuits to physical exertion. Perfect for people who appreciate dry humor and don't mind being supervised by a tiny, judgmental roommate with excellent facial hair.","Alert, curious, and charmingly quirky. Bonds closely with its people.",Small,2,3,3,3,4,3,3,3,1,3,2,3,4,5,18,20,10,15,Wire coat,"Enjoys 30?60 minutes of gentle to moderate activity, with play and short walks.",Moderate to high grooming needs with rough or smooth coat requiring regular brushing and professional trimming,Tiny monarchs who'll learn but maintain their royal prerogative to ignore commands when convenient.,Belgium,Companion,purebred,,true,2025-11-21 06:04:47.314147+00,2026-01-17 02:12:21.301237+00,1,2,5,20,,,
b95c6c5a-2c58-4e6d-a075-135b5c9a0d9f,Klee Kai (Alaskan),klee-kai-alaskan,"Imagine a Husky that got shrunk by a fairy godmother but retained all the attitude. These miniature arctic beauties look like they should be pulling tiny sleds across coffee tables. They're the pocket-sized answer to """"I want a Husky but live in a shoebox apartment."""" With their striking masks and piercing eyes, they look like small wolves who've decided to become house pets but kept the mysterious edge. They're vocal artists who'll provide operatic commentary on everything from the mailman to their empty food bowl. Despite their size, they think they're fully capable of leading an Iditarod team and will argue this point loudly. They're escape artists who view fences as interesting puzzles rather than boundaries. Perfect for active owners who want all the Husky drama in a more manageable package.",Friendly and loyal companion,Small,4,3,2,5,4,4,3,3,1,3,2,3,4,10,33,43,10,13,Double coat,Regular exercise,Moderate to high grooming needs with thick double coat requiring brushing 2-3 times weekly,Mini huskies who'll learn but prefer training sessions that involve sledding or at least snow discussions.,United States,Companion,purebred,,true,2025-11-21 06:04:58.725288+00,2026-01-17 02:12:21.301237+00,2,4,0,28,,,
bb377234-1251-4855-9c6e-d663e6032bf1,Morkie,morkie,"The Morkie is what happens when a Yorkshire Terrier and a Maltese decide to create the world's most photogenic pocket rocket. These tiny crossbreeds are basically living Instagram filtersimpossibly cute, perfectly sized for handbags, and blessed with hair that requires more maintenance than most humans. They inherit the Yorkie's spunky confidence and the Maltese's sweet nature, creating a small dog with a big personality and an even bigger grooming bill. Morkies are devoted companions who believe their primary job is being adorable and their secondary job is alerting the neighbourhood to every delivery truck, falling leaf, and suspicious squirrel. They're perfect for apartment dwellers who want a dog with more personality than square footage. Despite their tiny stature, they're surprisingly sturdy little characters who just want to be your most fashionable and loyal sidekick.","Playful, affectionate, can be yappy; loyal; may be snappy if not socialised; confident; requires gentle handling due to size.",Small,2,3,3,4,4,2,4,3,1,4,4,4,2,4,15,25,13,16,Long silky coat,"Low to moderate, indoor play and short walks sufficient.",High maintenance; requires daily brushing; regular professional grooming needed.,Intelligent but can be stubborn; requires patience and positive reinforcement.,USA,Crossbreed,designer,,true,2025-11-21 06:05:02.592975+00,2026-01-17 02:12:21.301237+00,3,3,0,28,Maltese,Yorkshire Terrier,F1
bb6ec04c-a5a0-4c99-bc62-4c58990c3684,Silky Terrier,silky-terrier,"Meet the glamorous pocket rocket who believes they’re actually a Great Dane trapped in a 4 kg body. The Silky Terrier struts around with that flowing steel-blue and tan coat like it has a standing booking at Fashion Week. Head high, tail up, expression serious. They look refined. They are not fragile.

Developed in Australia from Yorkshire Terrier stock, Silkies were bred to hunt vermin. That matters. Under the red-carpet hair lives a working-class terrier brain. Quick, sharp and always scanning the environment like a tiny security consultant on retainer. If something moves unexpectedly, they will file a formal complaint. Loudly.

Their coat is long, fine and genuinely silky, parted neatly down the spine like it’s been styled with intent. It does require commitment. Daily brushing keeps it from matting, and professional grooming every couple of months keeps it sharp. The upside is low shedding. The downside is you now co-parent a hair routine.

Despite their elegant look, they are terriers through and through. Feisty, curious and absolutely convinced they can take on dogs ten times their size. They don’t start trouble for sport, but they will not back down if they think protocol has been breached. Confidence is not an issue.

They make excellent little watchdogs. Not hysterical, but alert. A delivery van, a new neighbour, a leaf that moved in a way that felt suspicious. You’ll be informed. Early socialisation helps channel that vigilance into good manners rather than neighbourhood commentary.

With their people, they are affectionate and devoted. Most Silkies attach strongly to one favourite human and follow them from room to room like a well-dressed shadow. They enjoy being involved in whatever you’re doing, whether that’s a walk, a Netflix session or supervising your attempt at cooking.

Energy wise, they’re lively for a toy breed. They need daily walks and mental stimulation. A bored Silky will invent work. Digging, rearranging pot plants, conducting structural audits on your garden edging. Give them puzzles, short training sessions or even agility and they shine. They are smart enough to learn quickly and cheeky enough to test whether you really meant that command.

They suit apartments well thanks to their size, but they are not ornaments. They need interaction and do best in homes where someone is around for at least part of the day. Left alone for long stretches without stimulation, they can become vocal or mischievous.

Good with respectful older children, generally fine with other dogs if socialised early, and sometimes a bit enthusiastic about chasing smaller animals. That terrier heritage still flickers.

In short, the Silky Terrier is elegance wrapped around attitude. If you want a small dog that carries itself like royalty, keeps you entertained and refuses to believe it is only 4 kg, this is your breed. Just don’t expect it to know it’s small. It has already decided otherwise.","Bright, confident, affectionate and alert. Loyal to family, polite with strangers once introduced, and quietly convinced it is far larger than it is.",Small,3,3,4,4,4,2,4,3,1,3,4,3,4,5,23,26,11,14,Long silky coat,Moderate to high for a toy breed. Daily walks plus play sessions. They enjoy agility and trick training and respond well when mentally challenged.,"High maintenance coat but low shedding. Daily brushing prevents tangles. Professional grooming every 6–8 weeks keeps the coat healthy and manageable. The coat is long and silky, not woolly.","Intelligent and quick to learn, but very much a terrier. Keep sessions short, positive and interesting. They respond best to consistency and light-hearted firmness. If you bore them, they’ll find something more interesting to do.",Australia,Toy,purebred,,true,2025-11-21 06:04:51.629447+00,2026-01-17 02:12:21.301237+00,2,4,10,30,,,
bd905349-91a2-42a9-9be6-2dfa06830cef,Barbet,barbet,"Looking like a poodle that stayed too long at a riverside music festival, the Barbet is France’s original water dog and very proud of it. Medium-sized, gloriously woolly, and permanently one splash away from chaos, this is a breed that treats mud as a lifestyle choice.

That coat is legendary. Thick, curly, slightly unruly, and extremely committed to collecting souvenirs. Leaves, burrs, twigs, possibly a small ecosystem. You will not own a Barbet without also owning a brush. Daily grooming is not an optional extra. It is a shared hobby.

Originally bred to retrieve waterfowl from marshes and wetlands, Barbets still approach any body of water like it personally invited them. Puddle on the footpath. Dam on the property. Ocean swell in winter. It does not matter. If it’s wet, they’re in. They don’t test the temperature. They commit.

Temperament wise, they are friendly in a way that feels almost optimistic. Think golden retriever energy wrapped in a curlier coat. They assume good intentions from everyone. Visitors, delivery drivers, the neighbour who said they “don’t really like dogs”. Give it five minutes.

Energy levels sit in the moderate to high range. They’re active without being frantic. A good walk, a swim, a game of fetch, and they’re satisfied. Mental stimulation helps, but they’re not plotting world domination if you skip a puzzle toy. They simply want to be included.

Training is usually straightforward. They’re intelligent and eager, responding well to positive reinforcement. They enjoy learning and often approach new tasks with a slightly goofy enthusiasm, as if surprised that you’ve invented another game for them.

Indoor life with a Barbet comes with one small condition: you will occasionally experience what can only be described as an indoor swamp. A wet, happy dog does not dry itself discreetly. Towels become essential infrastructure.

The Barbet suits active families who like the outdoors and don’t mind a bit of maintenance. In return, you get a cheerful, affectionate, slightly ridiculous companion who treats every day like a good story waiting to happen. Just accept now that clean floors are more of a suggestion than a rule.","French water dog with woolly, waterproof coat. Intelligent, calm, and devoted family companion with strong swimming instincts.",Medium,4,3,2,4,2,4,3,3,1,3,2,3,17,28,53,66,13,15,Curly coat,Requires substantial daily exercise and is well-suited for active families,"High grooming needs with curly, woolly coat requiring brushing every 2-3 days and professional grooming","Water-loving smarty who'll eagerly learn but gets distracted by every puddle, pond, and sprinkler.",France,Sporting,purebred,https://cowzzajbwtqfmrocefaw.supabase.co/storage/v1/object/public/dog-breed-images/barbet/barbet-01.webp,true,2025-11-21 06:04:51.911934+00,2026-01-17 02:12:21.301237+00,3,3,0,28,,,
be4d89cf-fd52-42c7-8275-854edac01342,Treeing Walker Coonhound,treeing-walker-coonhound,"Picture a four-legged GPS system with a PhD in """"Where Did That Raccoon Go?"""" The Treeing Walker Coonhound is basically a detective in a tricolor coat, bred to chase quarry up trees then announce their findings with the subtlety of a foghorn. These athletic hounds have voices that carry across counties and stamina that puts marathon runners to shame. At home, they're surprisingly gentle couch potatoes who transform into unstoppable hunting machines the moment they catch a scent. Their sweet, pleading eyes will convince you they're innocent angels?until your neighbor mentions the 3am serenade about that suspicious squirrel. They need experienced owners who appreciate their vocal artistry and can provide serious exercise. Perfect for active families who don't mind explaining to houseguests why their dog is currently having a passionate conversation with a tree.",Independent but affectionate at home.,Large,4,3,3,2,4,4,3,3,1,3,3,3,20,32,51,69,12,13,Double coat,Very high. Loves long walks and sniffing everything.,"Low grooming needs with short, smooth coat requiring weekly brushing",Southern hunters who learn enthusiastically but get seriously distracted by anything that could be treed.,United States,Hound,purebred,,true,2025-11-21 06:04:46.382725+00,2026-02-20 23:08:38.89079+00,2,4,0,28,,,
c0099910-4aaa-452d-bce5-dccd49d9cf2d,Swedish Vallhund,swedish-vallhund,"Imagine a corgi who went to Viking school and came back with serious attitude. The Swedish Vallhund is a compact herding dynamo with pointed ears, a curled tail, and the unshakeable belief that everything needs organizing?including your household. These ancient cattle dogs sport gorgeous sable coats and expressions that suggest they're always planning something clever. Their nickname """"Viking dog"""" isn't just marketing; they actually sailed with Norse warriors, explaining their fearless confidence around things fifty times their size. Alert and energetic, they're natural comedians who'll herd children, cats, and visiting relatives with equal enthusiasm. Their wedge-shaped heads and bright eyes miss nothing, making them excellent watchdogs who bark at suspicious activities like delivery trucks and falling leaves. Perfect for active families who appreciate a small dog with big personality and don't mind being gently bossed around by a furry Swedish supervisor.",Friendly and loyal companion,Medium,4,3,2,3,4,3,3,3,1,3,2,3,9,14,29,35,12,15,Smooth coat,Regular exercise,Moderate grooming needs with medium-length double coat requiring brushing 2-3 times weekly,Viking herders who learn eagerly but occasionally wonder why modern training lacks proper Scandinavian adventure.,Sweden,Herding,purebred,,true,2025-11-21 06:05:07.273228+00,2026-02-20 23:08:38.89079+00,2,4,-20,22,,,
c0f6a024-885f-428f-9672-b6ff106bc18c,Mastiff,mastiff,"The Mastiff is essentially a small horse that thinks it's a lapdog, moving through life with surprising grace for something that could double as furniture. These gentle giants have guarded everything from Roman armies to English estates, developing a calm confidence that comes from knowing you're the biggest dog in most rooms. Their massive heads house surprisingly gentle souls who are more likely to lean on intruders than attack them ? though their size alone is usually deterrent enough. They drool like leaky faucets, snore like freight trains, and somehow manage to take up the entire sofa despite your best efforts. Short walks suit them fine; they're sprinters, not marathoners. Perfect for families wanting a devoted, impressive guardian who doubles as the world's largest therapy dog.","Good-natured, courageous, and dignified gentle giants. They are excellent family guardians and companions.",Giant,2,4,2,2,4,3,2,2,5,3,2,3,54,113,70,91,6,10,Silky coat,Low to moderate exercise needs. Daily walks sufficient. Avoid overexertion due to size and breathing.,"Low grooming needs with short, dense coat requiring weekly brushing","Gentle giants who learn slowly but permanently - like programming a very large, very patient computer.",United Kingdom,Working,purebred,,true,2025-11-21 06:04:49.414299+00,2026-02-20 23:08:38.89079+00,3,3,0,28,,,
c1b30cbb-f732-46d3-a96d-b7922376b48a,Australian Kelpie,australian-kelpie,"Picture a border collie that mainlined espresso and discovered parkour. The Australian Kelpie is a workaholic wrapped in a medium-sized, athletic package with eyes that seem to calculate your next three moves. Bred to work sheep across Australia's vast stations, these dogs treat herding like an extreme sport, often running across sheep's backs like furry ninjas. Their intelligence borders on unsettling ? they'll solve problems you didn't know existed and create new ones for entertainment. Kelpies need jobs, not hobbies. Without proper mental and physical challenges, they'll redesign your garden, reorganize your sock drawer, and possibly start their own consulting business. Perfect for active families who appreciate a dog that's equal parts athlete, einstein, and adorable menace.","Energetic, independent, and incredibly hardworking. Will happily herd anything that moves livestock, kids, or even chooks.",Medium,5,3,1,2,3,4,3,3,1,3,4,3,14,20,43,51,12,16,Double coat,"Requires at least two hours of high-energy exercise, ideally including work or intense play.",Low grooming needs with short double coat requiring weekly brushing and minimal bathing,Psychic-level intelligence meets endless energy - they'll anticipate commands before you even thougth about giving them.,Australia,Herding,purebred,https://cowzzajbwtqfmrocefaw.supabase.co/storage/v1/object/public/dog-breed-images/australian-kelpie/australian-kelpie-01.webp,true,2025-11-21 06:05:00.951426+00,2026-01-17 02:12:21.301237+00,2,4,0,28,,,
c2139417-3e72-443e-9270-34967c0cd373,Bullmatian,bullmatian,"Picture a spotted potato with legs and you're halfway there. The Bullmatian combines the Bulldog's """"why run when you can waddle"""" philosophy with the Dalmatian's boundless energy, creating a wonderfully contradictory companion. These chunky charmers inherited dad's wrinkles and mum's polka dots, looking like they rolled through a paint store. They're surprisingly athletic despite their bulldoggish build, though they prefer leisurely strolls to marathons. Sweet-natured and social, they're excellent with kids but can be stubborn as a rusty gate. Their moderate exercise needs make them perfect for families who want Dalmatian personality without the """"I must run to Mars"""" intensity. Just prepare for snoring that could wake the neighbors.",Friendly and loyal companion,Large,4,3,3,2,3,3,3,3,5,3,3,3,20,32,40,50,10,13,Smooth coat,"Enjoys 30?60 minutes of moderate activity daily, including short walks and indoor play.",Low grooming needs with short coat requiring weekly brushing and wrinkle care,Designer mix inheriting Bulldog stubbornness and Dalmatian energy - training requires patience and caffeine.,Mixed (USA/UK),Designer,designer,,true,2025-11-21 06:04:53.15586+00,2026-01-17 02:12:21.301237+00,3,3,0,28,Bulldog,Dalmatian,F1
c24a4138-d1de-4864-8e9a-47f514bd5809,Whoodle,whoodle,"The Whoodle comes in three sizes, depending on which Poodle was used in the mix. Toy Whoodles are the smallest, usually under about 7–8 kg and suited to apartment life. Mini Whoodles sit in the middle at roughly 9–18 kg, while Standard Whoodles can reach 20–30 kg and have the size and stamina for bigger adventures. Same personality across the board, just scaled up or down.

Think of the Whoodle as a Wheaten Terrier with a Poodle brain and a stand-up comedian’s timing. This cross blends the Wheaten’s joyful bounce with the Poodle’s problem-solving intelligence, creating a dog that will learn a trick in five minutes and then immediately work out how to open the treat cupboard.

They’re a sweet spot for many families. Big enough to handle beach walks, bush tracks and backyard games, but civilised enough for suburban life. The coat is usually soft, curly or wavy, and tends to shed less than many breeds, though regular brushing and the occasional groom keep it looking respectable rather than like a living dust mop.

Socially, Whoodles assume the world is full of potential friends. Visitors, neighbours, other dogs, the delivery driver. Everyone is greeted with the same cheerful enthusiasm. It makes them excellent family dogs and very poor security systems.

What really defines the breed is their attitude. Whoodles like to be involved. Walks become games, training becomes a puzzle, and household chores become a chance to “help”. Just be aware their idea of helping may include stealing the socks from the laundry basket and parading them proudly around the house.","Friendly, energetic, intelligent; excellent family dog; sociable; playful; may be mouthy when young; eager to please.",Medium,4,4,4,4,3,2,4,4,1,4,3,2,9,20,30,50,12,15,Soft wavy coat,"High, needs daily exercise and mental stimulation.",High maintenance; requires regular professional grooming; daily brushing needed.,Highly intelligent and trainable; responds well to positive methods; learns quickly.,USA,Designer,designer,,true,2025-11-21 06:04:56.874021+00,2026-01-17 02:12:21.301237+00,3,3,0,28,Soft Coated Wheaten Terrier,Poodle (Standard),F1
c2ca6953-d5bf-44e7-8552-c7018c429559,Tibetan Mastiff,tibetan-mastiff,"Meet the mountain fortress with fur?a dog so massive and majestic they make Great Danes look like appetizers. Tibetan Mastiffs are living legends who guard Himalayan monasteries and your living room with equal intensity. Their double coat could shelter small villages, and during shedding season, you'll question whether you own a dog or a textile factory. These ancient guardians possess an independence that borders on royalty; they'll consider your commands, weigh the options, then do whatever they planned anyway. Nocturnal by nature, they'll spend days napping like furry boulders then patrol your property all night, woofing at suspicious activities like wind and moonbeams. Their deep bark can register on seismic equipment, and their presence alone makes burglars reconsider career choices. Perfect for experienced owners with large properties who want a devoted protector that doubles as a conversation piece and heating system.",Friendly and loyal companion,Giant,2,3,2,5,4,3,2,2,5,3,4,3,34,73,61,76,10,14,Wire coat,Regular exercise,"Very high grooming needs with thick, long double coat requiring daily brushing during shedding seasons","Mountain guardians who'll learn selectively,",Tibet,Working,purebred,,true,2025-11-21 06:05:06.189227+00,2026-02-20 23:08:38.89079+00,2,5,-30,20,,,
c4ed6a75-4ce4-44fb-b955-4d6571fa6f7b,Jindo,jindo,"Meet Korea's national treasure ? a dog so loyal they built legends around their devotion. These spitz-type beauties look like wolves who decided to become civilized but kept their mysterious edge. They're the strong, silent types of the dog world, observing everything with intelligent amber eyes while maintaining an air of dignified aloofness. They're like having a samurai as a pet ? incredibly loyal to their chosen human but politely suspicious of everyone else. Their independence rivals that of cats, but their protective instincts are pure dog. They're natural escape artists who can scale fences like furry ninjas, yet they'll always return home because their GPS is programmed to """"family first."""" Perfect for experienced owners who appreciate a dog that respects personal space but would die defending yours.",Friendly and loyal companion,Medium,4,3,2,3,4,3,2,2,1,3,2,3,18,23,45,55,13,15,Silky coat,Regular exercise,Moderate grooming needs with double coat requiring brushing 2-3 times weekly and seasonal grooming,Korean nationals who'll learn loyally but maintain that distinctly Asian independent thinking style.,South Korea,Working,purebred,,true,2025-11-21 06:04:44.699782+00,2026-01-17 02:12:21.301237+00,3,3,0,28,,,
c5d9fada-86d8-4d8a-91b2-ba0f0c6c54af,Havanese,havanese,"Meet Cuba's national treasure: a silky, spirited companion who treats every day like a carnival. Havanese are like animated stuffed animals with PhDs in charm, sporting flowing coats that seem to dance with their bouncy gait. These natural entertainers were bred to be companions to Cuban aristocracy, and they've never forgotten their royal status. They're Velcro dogs who believe personal space is a foreign concept ? if you're sitting, they should be on your lap; if you're walking, they should be underfoot. Their intelligence shines through their mischievous eyes as they plot their next adorable scheme. They're surprisingly sturdy despite their toy appearance, and their infectious joy makes even Monday mornings feel festive.",Friendly and loyal companion,Small,2,3,2,5,4,3,3,3,1,3,3,3,4,6,21,29,14,16,Smooth coat,Regular exercise,"High grooming needs with long, silky double coat requiring daily brushing or professional grooming for shorter cuts",Cuban charmers who learn eagerly and perform every command with tropical flair and tail flourishes.,Cuba,Companion,purebred,,true,2025-11-21 06:04:50.73226+00,2026-01-17 02:12:21.301237+00,3,2,5,28,,,
c78c7c70-6b91-447a-aceb-653c183a14bf,Chug,chug,"The Chug is what happens when a Chihuahua meets a Pug and they decide to create a small dog with maximum personality and minimal personal space boundaries. These compact comedians pack all the attitude of their Chihuahua parent into the slightly more substantial body of their Pug heritage, resulting in a dog that's both more robust and somehow even more opinionated. They're fiercely loyal to their chosen humans but can be suspicious of everyone else, making them excellent tiny bodyguards with questionable diplomatic skills. Chugs are perfect for apartment living and single-dog households where they can be the undisputed centre of attention. They inherit the Pug's food obsession and the Chihuahua's selective hearing, creating a dog that will definitely remember dinner time but might forget their own name when it's convenient. Despite their sometimes challenging personality, they're devoted lap dogs who just want to be your most important relationship.","Loyal, alert, can be feisty; devoted to family; may be aggressive with strangers; requires socialisation; confident.",Small,2,3,3,2,4,3,3,2,2,4,4,3,4,9,15,30,10,15,Short smooth coat,"Low to moderate, short walks and indoor play adequate.",Low maintenance; weekly brushing; occasional baths; nail care important.,Can be stubborn; requires consistency; may be challenging for first-time owners.,USA,Crossbreed,purebred,,true,2025-11-21 06:04:47.843995+00,2026-01-17 02:12:21.301237+00,3,3,0,28,,,
c805729f-a7f4-4e25-a70d-a170b3178075,Schnoodle,schnoodle,"The Schnoodle is like getting a canine PhD student who also moonlights as a personal trainerthis Schnauzer-Poodle cross combines Germanic precision with French finesse to create one of the most capable and intelligent crossbreeds around. They inherit the Schnauzer's alertness and work ethic plus the Poodle's problem-solving abilities, resulting in a dog that will not only learn your routine but probably suggest improvements. Schnoodles are excellent family dogs who take their job of protecting and entertaining their humans very seriously. They're naturally suspicious of strangers but warm up quickly once properly introduced, making them excellent watchdogs with good judgement. These bearded beauties excel in dog sports, obedience training, and any activity that challenges both their minds and bodies. They're perfect for active families who want a substantial dog that's both adventure buddy and loyal companion. Fair warning: they may occasionally outsmart their owners and aren't shy about showing off their intellectual superiority.","Intelligent, loyal, alert; excellent family dog; may be reserved with strangers; confident; requires mental stimulation.",Large,4,4,5,4,3,2,4,4,1,2,3,2,9,34,25,66,12,16,Wavy to curly coat,"High, needs daily exercise and mental challenges; enjoys activities and games.",High maintenance; requires regular professional grooming; daily brushing needed; hypoallergenic coat.,Highly intelligent and trainable; excels in obedience; responds well to consistent positive training.,USA,Non-Sporting,designer,,true,2025-11-21 06:04:59.776779+00,2026-02-20 23:08:38.89079+00,3,3,0,28,Miniature Schnauzer,Poodle (Miniature),F1
c86d2584-ff86-4428-8417-2ba870d86400,Maremma Sheepdog,maremma-sheepdog,"Italy's answer to the gentle giant question, the Maremma Sheepdog looks like a walking cloud with the soul of a medieval knight. These magnificent guardians were bred to live among sheep flocks, protecting them from wolves and bears in the Apennine Mountains. Their thick white coats help them blend with their charges while providing protection from harsh weather and predators. Independent thinkers who can work alone for days, they're not your typical eager-to-please companion ? they're livestock guardians first, house pets second. They need space to patrol and families who understand their protective instincts and nocturnal tendencies. Perfect for rural families wanting a beautiful, dedicated guardian who takes their job very seriously indeed.",Friendly and loyal companion,Large,4,3,2,4,4,3,2,2,3,3,3,3,30,45,60,73,11,13,Silky coat,Regular exercise,"High grooming needs with long, thick double coat requiring brushing 2-3 times weekly",Italian guardians who'll learn but prefer training that respects their ancient livestock protection instincts.,Italy,Working,purebred,,true,2025-11-21 06:04:44.822146+00,2026-02-20 23:08:38.89079+00,3,3,-5,28,,,
cccdbd11-bd81-4b22-9172-de6cee4b7634,Otterhound,otterhound,"The Otterhound is like someone took a Bloodhound, gave it swimming lessons, and added a magnificent shaggy coat that screams """"distinguished river gentleman."""" These rare hunting dogs possess webbed feet, waterproof coats, and an almost supernatural ability to track scents through water?basically, they're aquatic detectives with impressive facial hair. Originally bred to hunt otters in British rivers (a job that thankfully no longer exists), they retain their love for water and an independent streak that can test patient owners. They move with surprising grace in water but lumber around on land like friendly, oversized teddy bears who occasionally remember they're actually athletes. With their deep, melodious voices and gentle temperaments, they're excellent family dogs who need owners understanding of their need for exercise and their tendency to treat every water source as a personal invitation to dive in.",Friendly and loyal companion,Large,4,3,3,3,4,4,3,3,3,3,2,3,36,52,61,69,10,13,Double coat,Regular exercise,"Moderate to high grooming needs with rough, double coat requiring brushing 2-3 times weekly",Rare water specialists who'll learn but prefer training that involves swimming and otter-related activities.,United Kingdom,Hound,purebred,,true,2025-11-21 06:05:12.359988+00,2026-01-17 02:12:21.301237+00,2,4,0,28,,,
ce606893-5897-4551-805d-529382594e21,Chiweenie,chiweenie,"Imagine a hot dog with the attitude of a mob boss and you're picturing a Chiweenie perfectly. These sassy little sausages combine Chihuahua confidence with Dachshund determination, creating pocket-sized personalities who think they run the world. Their elongated bodies and tiny legs make them look like they're perpetually limbo dancing, while their alert expressions suggest they're plotting something mildly mischievous. Surprisingly brave for their size, they'll challenge dogs ten times larger with complete confidence in their negotiating skills. They're perfect apartment companions who provide maximum entertainment in minimum space. Their moderate exercise needs and portable size make them ideal for city living, though their vocal opinions about neighborhood happenings might test your relationships with neighbors.",Friendly and loyal companion,Small,2,3,3,2,4,3,3,3,1,3,4,3,2,5,15,25,12,16,Smooth coat,Regular exercise,Low grooming needs with short coat requiring weekly brushing,Chihuahua attitude in a longer package - they'll learn but with maximum dramatic flair per command.,Mixed,Designer,designer,,true,2025-11-21 06:05:00.826487+00,2026-01-17 02:12:21.301237+00,3,3,0,28,Chihuahua,Dachshund,F1
d30ed3ba-0d8f-456b-a9ba-1ad3bffe7c3d,French Bulldog,french-bulldog,"The French Bulldog is proof that good things come in compact, snorty packages. These bat-eared charmers look like they're perpetually amused by some private joke, which they probably are. Originally bred as companions for English lace workers who moved to France, Frenchies have perfected the art of being adorable while doing absolutely nothing productive. They're apartment-sized comedians who think a brisk walk to the mailbox counts as extreme athletics. Their flat faces make them excellent conversation starters and terrible swimmers, so save the pool parties for other breeds. These dogs are heat-sensitive divas who prefer air conditioning to outdoor adventures, making them perfect for people who think camping is a hotel without room service. Frenchies are loyal, adaptable companions who'll happily spend their days being decorative and occasionally snoring loud enough to wake the neighbors.","Adaptable, playful, and smart companions. They're excellent for apartment living and city life.",Medium,2,4,3,2,2,3,5,4,5,4,2,3,8,13,27,35,10,12,Smooth coat,"Not a lot (~30 mins), but they're not couch potatoes either. Say they W word an they're up for it.","Low grooming needs with short, smooth coat requiring weekly brushing and facial fold cleaning",Charming clowns who'll learn but insist on adding French flair and occasional dramatic protests.,France,Companion,purebred,,true,2025-11-21 06:04:42.494658+00,2026-02-20 23:08:38.89079+00,1,2,5,20,,,
d3bebf5f-22c4-4b76-be06-f6afe4b90eaf,Cavador,cavador,"Take a Labrador's enthusiasm and shrink it into a more manageable, apartment-friendly package with a Cavalier's sweet disposition. These delightful crosses are like having a perpetually happy middle-schooler who never outgrows their love of fetch and belly rubs. They inherited the best of both worlds: Lab intelligence and work ethic with Cavalier gentleness and size. Moderately active, they're content with daily walks and play sessions rather than marathon adventures. Their soft, wavy coats and expressive eyes make them naturally photogenic, while their friendly nature means they'll greet burglars with enthusiasm rather than suspicion. Perfect for families wanting a trainable, affectionate companion who's equally happy hiking or Netflix-binging, just smaller than their Labrador parent.","Friendly, devoted, and playful. A loving family companion.",Medium,4,3,1,3,2,3,3,3,1,5,3,3,11,18,43,58,10,14,Smooth coat,"Requires 60?90 minutes of exercise daily, mixing walks with games and free play.",Low to moderate grooming needs with short to medium coat requiring weekly brushing,Designer mix combining Cavalier sweetness with Lab intelligence - training gold with a royal attitude.,Mixed,Designer,designer,,true,2025-11-21 06:04:42.997385+00,2026-01-17 02:12:21.301237+00,3,3,0,28,Cavalier King Charles Spaniel,Labrador Retriever,F1
d5e3cba5-0bfb-476d-9789-01b2f40549dc,Old English Sheepdog,old-english-sheepdog,"Looking like a walking carpet with eyes occasionally visible through an impressive hair curtain, the Old English Sheepdog is basically a gentle giant wearing nature's most elaborate disguise. These shaggy athletes bound around like animated dust mops, somehow managing to look dignified despite their tendency to collect every leaf, twig, and piece of debris they encounter. Originally herding sheep across English countryside, they've retained their gentle authority and an amusing belief that everyone needs organizing, especially children. They're natural comedians who take themselves seriously while doing absurd things like getting their vision blocked by their own eyebrows. Living with an OES means accepting that your vacuum cleaner will become your best friend and that grooming is a serious commitment. They're perfect for families who want a loyal, intelligent companion and don't mind sharing their space with a loveable walking mop.","Old English Sheepdog is friendly, adaptable, and full of character. They thrive in loving homes and enjoy an active, engaged lifestyle.",Large,4,3,2,5,4,4,3,3,3,3,3,3,27,45,56,61,10,12,Double coat,Moderate to high depending on breed.,"Very high grooming needs with long, shaggy double coat requiring daily brushing to prevent matting",Shaggy comedians who learn enthusiastically but sometimes can't see the trainer through all that hair.,United Kingdom,Herding,purebred,,true,2025-11-21 06:04:49.840316+00,2026-02-20 23:08:38.89079+00,2,4,-10,25,,,
d5fbc9b8-53da-437c-b2c4-e5d899c1f0ba,Chesapeake Bay Retriever,chesapeake-bay-retriever,"Meet the retriever who looks like they've been weathered by a thousand duck hunts and loved every minute of it. These rugged athletes sport distinctive wavy coats that repel water like they're wearing invisible raincoats. Built for serious work in harsh Chesapeake Bay conditions, they're tougher and more independent than their Golden cousins, approaching life with workmanlike determination. Their intense amber eyes suggest they're always calculating the most efficient way to retrieve whatever needs retrieving. Strong-willed and protective, they need experienced owners who can channel their working drive. Not the """"everyone's best friend"""" type?they're selectively social and prefer meaningful relationships over casual acquaintances. Perfect for active families wanting a loyal, capable companion who'll work hard and relax harder.","Strong, loyal, and intelligent. Loves swimming and retrieving.",Large,4,3,2,3,2,4,3,3,3,5,2,3,25,36,53,66,10,13,Double coat,"Requires 60?90 minutes of exercise daily, mixing walks with swimming or retrieving.","Moderate grooming needs with dense, oily double coat requiring brushing 2-3 times weekly",Water-obsessed athletes who'll master retrieval but question any training not involving swimming.,United States,Sporting,purebred,,true,2025-11-21 06:04:49.685667+00,2026-01-17 02:12:21.301237+00,2,4,-10,25,,,
d6b7abac-2d62-4da3-a930-b719f310f78a,Sloughi,sloughi,"Meet the aristocrat of the dog world who moves like liquid poetry and judges your Netflix choices. The Sloughi glides across landscapes with an otherworldly grace that makes greyhounds look hurried. These North African sighthounds were bred to hunt gazelles across desert sands, explaining their athletic build and somewhat superior attitude. With their elegant lines and almond eyes, they're living sculptures who happen to shed and need dinner. Gentle and sensitive souls beneath their regal exterior, they form intense bonds with their families while remaining coolly polite to strangers. Don't expect enthusiastic tail-wagging?Sloughis express love through dignified presence and occasional head nods. They need secure fencing because squirrels are apparently irresistible, and their sprinting speed defies physics. Perfect for calm households who appreciate understated elegance and don't require constant canine entertainment.","Sloughi is friendly, adaptable, and full of character. They thrive in loving homes and enjoy an active, engaged lifestyle.",Medium,3,3,4,2,1,3,3,3,1,3,3,3,20,27,61,72,10,15,Silky coat,Moderate to high depending on breed.,"Low grooming needs with short, fine coat requiring weekly brushing","North African sighthounds will consider training, on their terms.",North Africa,Hound,purebred,,true,2025-11-21 06:05:09.342721+00,2026-01-17 02:12:21.301237+00,5,2,10,35,,,
d8294d43-4d6c-4053-bbed-a4d52a59daf8,English Foxhound,english-foxhound,"Built like a canine athlete who takes their training seriously, the English Foxhound is all business when it comes to following a scent trail. These pack-oriented hunting machines have been chasing foxes across English countryside for centuries, developing legendary stamina and a voice that could wake neighboring counties. They're surprisingly gentle giants at home, but their DNA practically vibrates with the need to run and track. Living with a Foxhound means accepting that your quiet morning coffee might be interrupted by enthusiastic baying at squirrels. They're pack animals who thrive with other dogs and patient owners who understand their hunting heritage. Independent thinkers with selective hearing, they're not ideal for first-time dog owners or anyone hoping for a lap dog who prioritizes cuddles over scent trails.",Friendly and loyal companion,Large,5,3,3,2,4,3,3,3,3,3,4,3,29,34,58,64,10,13,Smooth coat,Regular exercise,"Low grooming needs with short, dense coat requiring weekly brushing",Pack hunters who'll learn but prefer group training sessions with proper hunting protocols.,United Kingdom,Hound,purebred,,true,2025-11-21 06:05:12.078399+00,2026-01-17 02:12:21.301237+00,3,3,0,28,,,
d857e61f-d706-417e-b7cc-48bc3c2e03e7,Samoyed,samoyed,"Wrapped in clouds and powered by pure joy, Samoyeds look like they're permanently auditioning for a winter wonderland commercial. These Arctic athletes sport the famous """"Sammy smile"""" that makes them appear to be sharing a delightful secret. Originally bred by Siberian nomads for herding reindeer and pulling sleds, they approach modern life with the enthusiasm of someone who's just discovered that sofas exist. Their double coats shed enough fur to clothe a small village, and they treat your dark clothing as personal art projects. They're chatty companions who believe every thought deserves vocalization, making them excellent conversationalists and questionable library companions. These gentle giants think everyone is their best friend, making them terrible guard dogs but excellent ambassadors for canine diplomacy.","Samoyed is friendly, adaptable, and full of character. They thrive in loving homes and enjoy an active, engaged lifestyle.",Large,4,3,2,5,4,3,2,2,3,3,3,3,16,30,48,60,12,14,Smooth coat,Moderate to high depending on breed.,"Very high grooming needs with thick, fluffy double coat requiring daily brushing during shedding seasons",Smiling Siberians who learn cheerfully but prefer training that involves pulling sleds or at least snow discussions.,Russia,Working,purebred,,true,2025-11-21 06:04:49.016356+00,2026-01-17 02:12:21.301237+00,1,5,-40,15,,,
dc64a90a-df24-4ac4-ac67-ef530284a959,Akita Inu,akita-inu,"The Akita Inu looks like a teddy bear that could file your taxes and judge your life choices. Thick coat, curled tail, calm expression. Very huggable. Very misleading. This is not a golden retriever in cosplay. This is a stoic Japanese bodyguard wearing fluff.

Bred in the mountains of Japan to hunt wild boar and bears, Akitas were never designed to ask permission or seek approval. They were built to assess situations, make decisions, and act accordingly. That heritage explains their vibe perfectly. Akitas don’t rush. They don’t fuss. They watch. When you call them, they don’t come running. They pause, consider whether it’s worth it, then maybe move. This is not disobedience. This is deliberation.

Akitas bond hard with their people. Once you’re in, you’re in for life. Helen Keller famously called hers “an angel in fur,” which is accurate if you understand that angels can be intimidating and absolutely not here to entertain strangers. Akitas are devoted, protective, and deeply loyal, but they are not social butterflies. Visitors may be tolerated, not adored. Other dogs may be judged harshly. Akitas prefer a small circle and see no reason to expand it.

At home, they’re surprisingly low-drama. Clean, quiet, and almost cat-like in their habits, Akitas tend to move through the house like dignified ghosts. They don’t bark unless there’s a reason. They don’t cling. They simply appear nearby, monitoring the situation. With proper exercise and structure, they can even handle apartment life better than many high-energy breeds, provided you don’t confuse “calm” with “push-over.”

Akitas are intelligent but independent, which means training requires confidence, consistency, and zero ego. This breed does not respond to shouting, nagging, or micromanagement. If you try to dominate an Akita, you’ll lose. If you earn their respect, you’ll have a companion who takes their role seriously and loves you with a quiet intensity that feels unshakable.

This is not a dog for everyone. Akitas are for experienced owners with calm leadership, thick skin, and a sense of humour. They won’t smother you with affection or perform for strangers. What they offer instead is loyalty, presence, and the comforting feeling that if something went wrong, this dog would absolutely have your back. If you want a cheerful socialite, keep scrolling. If you want a silent, fluffy samurai who treats your household like sacred ground, the Akita Inu might be your dog.","Large, loyal, protective; confident and strong-willed; not ideal for first-time owners; aloof with strangers and other animals; requires experienced handler.",Giant,4,2,2,4,2,5,2,2,2,3,3,3,32,59,61,71,10,13,Double coat,Not meant for the energetically challenged. Needs lots of walking and exercise,Double-coated; shed year-round; blow coat twice a year; daily brushing and occasional baths needed.,"Dignified and intelligent, but they'll judge your training skills and decide.",Japan,Working,purebred,,true,2025-11-21 06:04:49.29051+00,2026-02-20 23:08:38.89079+00,2,4,0,28,,,
ddcca694-b9c1-4273-a29f-4aa6ae8299d0,Scottish Deerhound,scottish-deerhound,"Imagine a greyhound who raided a medieval costume shop and decided to grow a beard ? meet the Scottish Deerhound. These gentle giants look like they should be lounging in castle halls, which makes sense since they once hunted deer for Scottish nobility. Their wiry coats and noble bearing give them an air of distinguished shabby chic, like professors who've given up on ironing. Despite their imposing size, they're surprisingly mellow house dogs who believe furniture is merely elevated dog beds. They're sighthounds with the hunting instincts to match, meaning small furry things trigger their inner Formula One driver. Patient with children and gentle with everyone, they're basically living, breathing teddy bears who happen to be capable of outrunning most vehicles. They need space to stretch their legs and hearts big enough to accommodate their devotion.",Friendly and loyal companion,Large,4,3,3,3,1,4,3,3,3,3,2,3,34,50,71,81,8,11,Double coat,Regular exercise,Moderate grooming needs with wiry coat requiring weekly brushing and occasional stripping,Highland gentlemen who learn gracefully but prefer training with proper Scottish dignity and historical context.,Scotland,Hound,purebred,,true,2025-11-21 06:05:08.962106+00,2026-01-17 02:12:21.301237+00,2,4,0,28,,,
dfe24f48-a04f-4e5d-a2d7-eacf070366ae,Bulldog,bulldog,"The Bulldog is a muscular, hefty dog with a wrinkled face and a distinctive pushed-in nose. Known for their calm, courageous, and friendly demeanor, Bulldogs make excellent family companions. They are docile and loyal.","Docile, Willful, Friendly, Gregarious, Calm, Courageous",medium,2,4,3,2,2,3,5,4,4,3,2,3,18,25,31,40,8,10,"Short, Smooth",Low,"Weekly brushing, clean wrinkles daily","Moderately trainable, food motivated",England,Non-Sporting,purebred,,true,2025-12-13 05:51:19.330709+00,2026-01-17 02:12:21.301237+00,1,3,15,24,,,
e02227b1-4bcb-4bf1-9815-a922a5f6f115,German Wirehaired Pointer,german-wirehaired-pointer,"Picture a distinguished professor who moonlights as an extreme sports enthusiast. The German Wirehaired Pointer sports a practical beard and eyebrows that suggest they're perpetually contemplating life's mysteries, while their wiry coat repels water like a high-tech raincoat. These athletic philosophers were bred to hunt everything from birds to boar, making them the Swiss Army knife of sporting dogs. They're devoted family companions with energy levels that could power a small village. Their intelligence is matched only by their stubbornness ? they'll outsmart your """"dog-proof"""" garbage can while pretending they can't hear you calling them inside. Need a hiking buddy who doubles as a comedy act? Here's your match.",Friendly and loyal companion,Large,5,3,2,3,2,3,3,3,1,3,3,3,20,32,56,67,12,14,Wire coat,Regular exercise,Moderate grooming needs with wiry coat requiring weekly brushing and occasional hand-stripping,Bearded athletes who approach training like serious field work requiring proper equipment and technique.,Germany,Sporting,purebred,,true,2025-11-21 06:05:01.472299+00,2026-02-20 23:08:38.89079+00,3,3,0,28,,,
e0474bc4-0213-44fc-9645-051fb8f6556f,German Shorthaired Pointer,german-shorthaired-pointer,"The German Shorthaired Pointer is essentially a professional athlete who happens to live in your house and occasionally allows you to pet them. These spotted dynamos were engineered for endurance, with sleek coats that shed water and boundless energy that makes marathon runners look lazy. GSPs are the ultimate outdoor adventure buddies who think a ten-mile hike is a warm-up exercise. They're incredibly intelligent and trainable when they're not distracted by every bird, squirrel, or interesting smell within a five-mile radius. Their distinctive liver-colored coats and aristocratic profiles make them look like they should be posing for hunting magazine covers. These dogs need serious exercise and mental stimulation, or they'll helpfully redecorate your house with creative flair. Perfect for active families who want a loyal, athletic companion who can keep up with any outdoor adventure and still have energy for evening playtime.","German Shorthaired Pointer is energetic, determined, and sharp-eyed. They live for the chase and bring endless enthusiasm to outdoor adventures.",Large,5,3,1,3,2,3,3,3,1,3,4,3,20,32,53,64,10,12,Smooth coat,Moderate to high depending on breed.,"Low grooming needs with short, dense coat requiring weekly brushing","Athletic scholars who'll learn quickly but get distracted by anything that moves, flies, or rustles.",Germany,Sporting,purebred,,true,2025-11-21 06:04:54.658228+00,2026-02-20 23:08:38.89079+00,3,4,-10,25,,,
e54bf0b3-c93a-4c9b-a9c4-028fed1e3ecc,American Eskimo Dog,american-eskimo-dog,"Picture a cloud that learned to bounce and you’re getting warm. The American Eskimo Dog is a puff of white chaos powered by springs, opinions, and an unshakable belief that life is a performance. Despite the name, there’s nothing particularly American or Eskimo about them. They’re German Spitz at heart, hastily rebranded during WWI when Germany wasn’t winning any popularity contests. Under the cotton-ball coat is a compact, athletic little engine that loves agility, tricks, and anything that earns applause. They’re smart, quick, and absolutely aware of it, which explains the confident strut and the tendency to improvise when commands clash with personal goals.

These dogs were once circus performers, and it shows. Expect dramatic reactions, theatrical sighs, and perfectly timed disobedience. “Selective hearing” is a daily event, especially when baths are mentioned, but introduce treats and suddenly their recall is Olympic level. They bond hard with their people and operate like furry surveillance systems, alerting you to every passerby, delivery truck, or suspicious leaf. They make excellent watchdogs, not because they’re tough, but because they’re loud, alert, and deeply invested in neighbourhood affairs.

At home, they’re velcro dogs with energy to burn and hearts set permanently on their family. They need mental stimulation as much as exercise, otherwise that intelligence gets redirected into creative mischief. And yes, the coat. It sheds. A lot. Enough to suggest a second dog is slowly being assembled behind the couch. Manage the grooming, keep them busy, and you get a sharp, affectionate little show-off who brings equal parts joy, noise, and airborne fluff to daily life.","Friendly, alert, and clever. With a smile that matches its snowy coat, this is a people-oriented dog through and through.",Medium,4,3,2,3,4,4,3,3,1,3,2,3,3,16,23,48,13,15,Double coat,"Needs about an hour of daily exercise, mixing brisk walks with play to keep body and mind active.","Moderate to high grooming needs with double coat requiring brushing 2-3 times weekly, daily during shedding seasons","Bright and trainable, but their spitz heritage means they'll add their own creative flair to your commands.",United States,Non-Sporting,purebred,,true,2025-11-21 06:05:05.136294+00,2026-02-20 23:08:38.89079+00,1,5,-40,15,,,
e6355aa6-e66b-4069-a99d-6ac467089f5d,Saint Bernard,saint-bernard,"Imagine a living, breathing teddy bear the size of a small pony, and you've pictured a Saint Bernard. These gentle giants were bred to rescue travelers in Swiss mountain passes, which explains their supernatural ability to sense when someone needs comfort, usually involving their entire 70-kilogram body draped across your lap. Their droopy eyes and perpetual half-smile give them the expression of someone who's just heard a mildly amusing joke. They're professional droollers who treat your floors like personal art canvases, and their idea of """"inside voice"""" would register on seismic equipment. Despite their size, they move through houses like cautious dancers, somehow aware of their devastating potential around coffee tables. Patient with children and gentle with everything smaller than themselves, which includes most of the known universe.","Playful, charming, and inquisitive gentle giants. They are patient with children and excellent family dogs",Giant,2,5,2,5,4,4,1,2,5,4,3,3,54,82,65,90,8,10,Double,Low to moderate exercise needs. Daily walks sufficient. Avoid overexertion especially in hot weather.,High grooming needs with dense coat (long or short variety) requiring brushing 2-3 times weekly.,Alpine rescuers who learn patiently and would probably carry you home after particularly challenging sessions.,Switzerland,Working,purebred,,true,2025-11-21 06:04:47.437283+00,2026-02-20 23:08:38.89079+00,2,5,-30,20,,,
e685b6e3-9e5a-41d4-9343-1caf0e0f74b1,Greater Swiss Mountain Dog,greater-swiss-mountain-dog,"Meet the gentle giant who looks like they should be pulling carts through Alpine villages while yodeling. Greater Swiss Mountain Dogs are the largest of the Swiss mountain breeds, built like furry tractors with hearts of gold. These tri-colored beauties move with the steady confidence of someone who's never met a job they couldn't handle, from cart-pulling to child-watching. They're the strong, silent type who express affection through meaningful looks and strategic leaning. Their deep bark suggests they have important things to say, usually about squirrels or the mailman's questionable intentions. They mature slowly, staying puppy-minded well into adulthood, which means you get a 100+ pound goofball who thinks they're still small enough to be a lap dog.",Friendly and loyal companion,Giant,3,3,2,2,4,4,2,2,3,3,4,3,38,64,60,72,8,11,Double coat,Regular exercise,"Low to moderate grooming needs with short, dense coat requiring weekly brushing",Swiss efficiency in XL size - they'll learn steadily but operate on mountain time schedules.,Switzerland,Working,purebred,,true,2025-11-21 06:05:08.412093+00,2026-02-20 23:08:38.89079+00,2,5,-30,20,,,
e700c69a-4e40-4fef-959c-de73f877fdfd,Italian Greyhound,italian-greyhound,"Picture a regular Greyhound that got shrunk in the wash and developed an anxiety disorder ? meet the Italian Greyhound. These delicate speed demons are like having a nervous aristocrat as a roommate, complete with chattering teeth and an impressive collection of sweaters. They move like graceful gazelles until they spot a squirrel, then transform into missile-guided chaos. Built like living porcelain with legs that seem too thin to support their dramatic personalities, they're surprisingly sturdy athletes who can hit 40km/h in designer coats. They're velcro dogs who'll follow you everywhere, including the bathroom, where they'll judge your life choices with those enormous, soulful eyes. Warning: they're professional attention-seekers who've mastered the art of looking pathetically cold in any weather above freezing.",Independent but affectionate at home.,Small,2,3,3,2,2,3,3,3,1,3,4,3,3,5,32,38,14,15,Wire coat,High  loves long walks and sniffing everything.,"Low grooming needs with short, fine coat requiring weekly brushing","Elegant speedsters who'll learn delicately, preferring training that doesn't mess up their perfect posture.",Italy,Toy,purebred,,true,2025-11-21 06:05:09.734367+00,2026-02-20 23:08:38.89079+00,5,2,10,35,,,
e8cf04f7-d78f-40f6-ae05-df5b2bbcb68e,English Bulldog,english-bulldog,"The English Bulldog is basically a four-legged teddy bear who's given up on life's cardio requirements but doubled down on charm. With their pushed-in faces, rolling gait, and expressions that perpetually say """"I've seen things, man,"""" they're the comedians of the dog world without trying. Originally bred for bull-baiting (thankfully long abolished), modern bulldogs have evolved into professional couch warmers who approach exercise like it's a personal insult. They're incredibly sweet, patient with children, and possess an almost human sense of humor about their own limitations. However, their flat faces mean they overheat easily, snore like freight trains, and sometimes forget how to breathe while eating. They're perfect for families who want maximum personality in a low-energy package and don't mind some impressive veterinary bills.",Friendly and loyal companion,Medium,1,3,4,2,2,3,3,3,5,3,2,3,18,25,31,40,8,10,Smooth coat,Regular exercise,Low grooming needs with short coat requiring weekly brushing and daily wrinkle cleaning,Charming but stubborn - they'll eventually learn but only after extensive negotiation and possibly bribes.,United Kingdom,Companion,purebred,,true,2025-11-21 06:04:43.736792+00,2026-02-20 23:08:38.89079+00,1,2,5,20,,,
e987e25f-bdd4-4a11-b9cb-433da702bb8f,Beagle,beagle,"Meet the dog equivalent of your mate who’s permanently peckish and narrates everything. The Beagle is a compact, tri-colour bundle of curiosity with a nose that runs the entire operation.

Originally bred to hunt foxes in packs, Beagles are scent hounds first and citizens second. That nose is not a feature. It’s a governing body. If there’s a smell within range, they will investigate it with the focus of a detective who’s just had three coffees. Call their name mid-scent and you’ll discover selective hearing is alive and well.

Physically, they’re sturdy without being bulky, usually around 9 to 11 kg and about 33 to 41 cm at the shoulder. Those big brown eyes are engineered to extract snacks from even the most disciplined human. The tail is almost always in motion, broadcasting optimism regardless of circumstances.

Temperament is where they win hearts. Beagles are famously friendly. Toddlers, neighbours, delivery drivers, passing joggers. All potential friends. Guard dog credentials are minimal. If someone breaks in, the Beagle will likely show them where the biscuits are stored.

Energy levels sit at moderate to high. They need daily walks and proper stimulation. But here’s the catch: walks are not cardio sessions. They are olfactory expeditions. If you’re in a hurry, tough luck. The Beagle is mid-investigation and progress will resume once all relevant data is collected.

Then there’s the voice. Beagles don’t just bark. They bay. It’s a rich, musical sound that carries. Sometimes beautifully. Sometimes at 3 AM because a leaf shifted suspiciously. Early training helps, but you will never entirely silence a dog bred to announce discoveries across open fields.

Training requires patience and food. Lots of food. They’re intelligent, but independent. Motivation matters. If you can convince them that listening benefits them directly, you’ll get results.

The Beagle suits families who enjoy an outgoing, affectionate dog and don’t mind a bit of noise and stubborn charm. You won’t get a stoic guardian. You will get a cheerful companion with world-class snack detection skills and a nose that believes every walk is the most important mission of the day.","Friendly, curious, and merry hunting dogs. They are great with children and have a strong pack instinct.",Medium,4,5,3,2,4,3,3,4,1,4,4,3,9,11,33,41,10,15,Smooth coat,"Requires at least an hour of exercise each day, ideally combining walks with scent-based games.",Low grooming needs with short coat requiring weekly brushing and regular ear cleaning,"Smart cookies who'll master """"sit"""" and """"stay"""" but conveniently forget both when following an interesting scent.",United Kingdom,Hound,purebred,https://cowzzajbwtqfmrocefaw.supabase.co/storage/v1/object/public/dog-breed-images/beagle/beagle-03.webp,true,2025-11-21 06:05:04.215866+00,2026-01-17 02:12:21.301237+00,4,3,5,30,,,
eae93759-4a79-44c0-bbb7-3d20a0af98c4,Airedale Terrier,airedale-terrier,"The Airedale Terrier operates on two settings: dignified international dog of mystery, and unrepentant garden vandal. With a bearded face that looks like it should be wearing tweed and asking for a single malt, the Airedale has both intelligence and swagger in equal measure. This is the largest of the terriers, and it knows it.

Originally bred in Yorkshire to hunt otters, Airedales approach life like they’re still on a covert assignment. Always alert. Slightly suspicious. Intensely curious. They don’t walk into situations so much as investigate them. This explains their habit of diving head-first into ponds, bushes, holes, and any landscaping you were fond of. If there’s a mystery, an Airedale will solve it, possibly by digging.

Training an Airedale is less about teaching commands and more about negotiating terms. They’re clever, independent, and blessed with a sense of humour that sometimes works against you. They understand what you’re asking. They’re just deciding whether it aligns with their current mission. Consistent training and mental stimulation are non-negotiable unless you enjoy living with a brilliant dog who has too much free time and questionable ideas.

At home, Airedales are endlessly entertaining. They patrol the house like security consultants, photobomb your photos, and insert themselves into family life with confidence. They’re loyal, people-focused dogs who want to be involved in whatever you’re doing, whether you asked or not. When the day’s adventures are over, the secret-agent routine fades and you’re left with an affectionate, slightly ridiculous companion who curls up beside you and accepts head scratches like you’re the only human they trust.

The Airedale Terrier suits active owners who appreciate intelligence, humour, and a bit of chaos. This is not a passive pet. It’s a partner in crime. If you want a dog that’s clever, bold, and quietly convinced it’s smarter than you, the Airedale might be exactly what you’re looking for.","Bold, independent, and up for anything. This is the sort of dog that will jump in the ute before you ve even decided where you re going. Fiercely loyal and a bit of a clown.",Large,4,3,2,3,4,3,2,3,1,3,3,3,23,32,56,61,11,14,Wire coat,"Needs daily vigorous exercise, long walks, and active play to stay happy and healthy.",Low to moderate maintenance.,"The """"King of Terriers"""" will learn quickly but reserves the right to improve your training methods.",United Kingdom,Terrier,purebred,,true,2025-11-21 06:05:06.592701+00,2026-02-19 23:50:47.518364+00,3,3,0,28,,,
eb31c919-0cde-4fab-9b78-687423769854,Weimaraner,weimaraner,"The """"Gray Ghost"""" moves through life like liquid mercury with anxiety issues. These sleek, silver-coated athletes were bred for German nobility who wanted hunting companions as elegant as they were effective. With those piercing blue or amber eyes and perpetually worried expression, Weimaraners look like they're contemplating the meaning of existence?which they probably are. They're incredibly intelligent but use their smarts for creative destruction when bored, turning your home into an abstract art installation. These dogs need jobs, purpose, and owners who can match their intensity. They're not pets; they're passionate life partners who will love you with the fervor of a thousand suns while simultaneously testing every boundary you set. Perfect for active families who appreciate a dog with the emotional complexity of a Shakespearean character.","Friendly, fearless, and alert hunting dogs. They are high-energy and need experienced, active owners.",Large,5,3,2,1,3,3,1,3,3,5,3,3,25,40,56,69,10,13,Silky coat,"Very high exercise needs. Requires extensive daily exercise including running, hiking, and mental stimulation.","Low grooming needs with short, smooth coat requiring weekly brushing","Gray ghosts who learn brilliantly but always maintain that slightly supernatural """"I know things"""" mystique.",Germany,Sporting,purebred,,true,2025-11-21 06:05:00.299883+00,2026-01-17 02:12:21.301237+00,4,3,5,30,,,
eb3aff88-043e-4b0e-9b05-27bb2f1b70dd,Corgipoo,corgipoo,"A compact, clever companion with Corgi spunk and Poodle smarts. May inherit Corgi herding instincts and low-rider build.","Intelligent, Friendly, Playful, Alert",small,4,4,4,3,3,2,4,4,1,3,4,3,5,12,25,35,12,14,Wavy,Moderate,Regular brushing required,Easy to train,United States,Hybrid,designer,,true,2025-12-13 05:44:02.368256+00,2026-01-17 02:12:21.301237+00,3,4,8,24,Pembroke Welsh Corgi,Poodle (Miniature),F1
eb512959-c6be-4c45-9c44-a6ab051d75db,Cesky Terrier,cesky-terrier,"The Czech Republic's gift to the terrier world looks like someone crossed a Scottish Terrier with a grooming shears and excellent breeding program. These relatively rare beauties sport silky, flowing coats that require dedication to maintain but reward you with runway-ready elegance. Less feisty than typical terriers, they're surprisingly calm and gentle, though they still possess enough determination to redesign your garden. Their longer legs and refined build give them an almost aristocratic bearing, like they should be discussing philosophy over fine wine. Intelligent and trainable, they're perfect for owners who want terrier personality without the """"I challenge everything"""" attitude. They need regular grooming and moderate exercise, making them ideal companions for those who appreciate rare beauty and gentle confidence in a manageable package.","Clever, determined, and affectionate. A small terrier with a big heart.",Medium,4,3,2,4,4,3,3,3,1,3,3,3,6,10,25,32,12,15,Silky coat,"Needs 30?45 minutes of daily activity, including walks and indoor games.",Moderate to high grooming needs with silky coat requiring regular brushing and professional trimming every 6-8 weeks,Czech terriers who approach training with Eastern European skepticism but eventual grudging cooperation.,Czech Republic,Terrier,purebred,,true,2025-11-21 06:04:55.702701+00,2026-01-17 02:12:21.301237+00,3,3,0,28,,,
ec7c2295-bded-4e8b-93c1-ec1f999d36bd,Portuguese Podengo,portuguese-podengo,"Portugal's answer to """"what if we created dogs in three convenient sizes like coffee cups?"""" These wire-haired hunters come in small, medium, and large, all united by their talent for looking perpetually surprised and their dedication to catching anything that moves. Built like they're permanently ready for adventure, Podengos possess ears that could pick up satellite signals and expressions that suggest they're always plotting something mildly mischievous. Originally bred to hunt rabbits on rocky Portuguese terrain, they approach modern life with the same enthusiasm they'd show for a rabbit hunt, meaning your cat might receive some unwanted attention. Their wiry coats give them a """"just rolled out of bed but somehow still stylish"""" appearance. Independent thinkers who'll love you deeply while maintaining the right to ignore your suggestions, they're perfect for owners who appreciate character over compliance.",Friendly and loyal companion,Large,4,3,3,2,3,3,3,3,1,3,3,3,4,30,20,70,12,15,Curly coat,Regular exercise,Low grooming needs with short to wire coat requiring weekly brushing,Ancient Iberian hunters who learn but prefer training that respects their primitive hunting wisdom.,Portugal,Hound,purebred,,true,2025-11-21 06:04:59.497683+00,2026-02-20 23:08:38.89079+00,3,3,0,28,,,
ed3f1121-b529-4ef2-91ef-b9372c33e908,Borzoi,borzoi,"Imagine a supermodel who moonlights as a greyhound ? that's your Borzoi. These aristocratic sighthounds move like silk scarves in a gentle breeze, all flowing lines and elegant curves. Originally bred by Russian nobility to hunt wolves, they carry themselves with the quiet confidence of someone who knows their ancestors had better breeding than most humans. At home, they're surprisingly mellow couch potatoes who appreciate life's finer things: soft beds, gentle handling, and absolutely no rushing. Their independent nature can seem aloof, but they form deep, quiet bonds with their families. They need space to run but are surprisingly adaptable to apartment living, provided they get their daily sprint. Think of them as introverted athletes ? graceful, gentle, and content to admire the world from a comfortable distance.","Elegant, calm, and independent. A sighthound with a gentle soul.",Giant,3,3,2,3,1,3,3,3,2,3,2,3,27,48,66,81,9,14,Silky coat,"Enjoys about an hour of daily exercise, ideally including sprints in a safe, open area.",Moderate grooming needs with silky coat requiring brushing 2-3 times weekly and attention to feathering,Aristocratic sighthounds who'll consider your training requests but may find them rather pedestrian.,Russia,Hound,purebred,,true,2025-11-21 06:05:03.162649+00,2026-02-20 23:08:38.89079+00,3,3,0,28,,,
f04b9d4f-63b0-499d-a30b-46ce3b6cbbe3,Nova Scotia Duck Tolling Retriever,nova-scotia-duck-tolling-retriever,"Meet the Toller?the retriever world's ginger-haired overachiever who approaches life like every day is the best day ever. These medium-sized athletes were bred for the peculiar job of frolicking at water's edge to lure curious ducks within shooting range, making them professional show-offs with serious swimming credentials. They're like Golden Retrievers who discovered espresso and decided to channel that energy into being spectacularly good at everything outdoors. With their fox-like coats and eternally optimistic expressions, they're natural entertainers who believe every stick throw deserves an Oscar-worthy retrieval performance. Intelligent, trainable, and surprisingly chatty, they need active families who can match their enthusiasm for hiking, swimming, and general athletic excellence. They're perfect for owners who want a adventure buddy who looks stunning in photos and never met a puddle they didn't love.",Friendly and loyal companion,Medium,5,3,1,3,3,4,3,3,1,5,3,3,17,23,43,53,12,14,Double coat,Regular exercise,Moderate grooming needs with water-repellent double coat requiring brushing 2-3 times weekly,Canadian specialists who'll master retrieval but prefer training involving actual ducks and Maritime weather.,Canada,Sporting,purebred,,true,2025-11-21 06:04:52.436718+00,2026-01-17 02:12:21.301237+00,2,4,-10,25,,,
f0c50f1d-244f-4c5c-b401-e8c2a2d0e64e,Bull Terrier,bull-terrier,"The canine equivalent of your eccentric uncle who collects vintage motorcycles, Bull Terriers march to their own drum machines. With their distinctive egg-shaped heads and triangular eyes, they look like they were designed by someone who'd never seen a dog before but had a really creative imagination. Originally bred for blood sports, they've evolved into charming oddballs who think they're the center of the universe ? and honestly, they might be right. Bull Terriers are incredibly strong-willed and require owners who appreciate their unique blend of stubbornness and comedy. They're surprisingly gentle with children but can be reactive with other dogs. Living with a Bull Terrier means embracing chaos, accepting that normal dog logic doesn't apply, and having a devoted companion who makes every day memorably weird.","Playful, mischievous, and loyal. A clown at heart with plenty of muscle.",Large,4,3,3,2,4,3,3,3,1,3,3,3,20,32,45,55,12,13,Short,Needs 30-40 minutes a day,"Low grooming needs with short, flat coat requiring weekly brushing",Egg-shaped heads full of mischief - they'll learn creatively and usually add unauthorized personal touches.,United Kingdom,Terrier,purebred,,true,2025-11-21 06:04:42.344411+00,2026-02-20 23:08:38.89079+00,3,3,0,28,,,
f1c6f9b7-0b6a-44e3-8388-ae5bdeec04e5,Greyhound,greyhound,"The Greyhound is a 40-mph couch potato wrapped in silk pajamas. These elegant speedsters can outrun your car in city traffic, then spend the next 20 hours perfecting the art of horizontal living. Built like four-legged Ferraris, they're all sleek lines and aerodynamic efficiency, yet they approach stairs like they're climbing Everest. Their thin skin makes them walking barometers ? they'll need sweaters when you're still in shorts. Despite their racing heritage, they're gentle, quiet souls who prefer a good nap to almost anything else. They're like having a retired athlete roommate who's discovered the joy of Netflix marathons. Their idea of exercise is a brief sprint followed by an extended recovery period on the softest available surface.","Gentle, independent, and noble sighthounds. They are calm indoors and make excellent apartment dogs despite their size.",Large,4,4,2,1,2,2,2,4,2,4,4,3,27,40,68,76,10,13,Smooth coat,Moderate exercise needs. Daily walks and occasional sprints. Needs secure areas for off-leash running.,"Low grooming needs with short, smooth coat requiring weekly brushing",Aerodynamic athletes who'll learn quickly then spend recovery time on the nearest comfortable couch.,United Kingdom,Hound,purebred,,true,2025-11-21 06:04:50.864635+00,2026-02-20 23:08:38.89079+00,5,2,10,35,,,
f3093335-434f-4002-8b93-10946fdaa317,Black Russian Terrier,black-russian-terrier,"Despite the name, this massive bear-dog is about as much terrier as a tank is a bicycle. These Soviet-engineered working dogs look like they were designed by committee to be the ultimate canine bodyguard ? large, dark, and intimidatingly fluffy. With shaggy coats that could hide small children and beards that require their own grooming appointments, they're basically mobile forests with attitude. Originally bred to guard military installations, they approach life with serious professionalism occasionally interrupted by surprising goofiness. Their size and protective instincts make them natural guardians, but they're also gentle giants who'll carefully step around sleeping cats while maintaining vigilant watch over their families. They need experienced handlers who can provide firm leadership and don't mind living with a furry, 100-pound shadow.","Bold, confident, and protective. A powerful dog with a loving side for its family.",Giant,4,3,2,3,4,3,2,2,3,3,3,3,36,68,66,76,10,12,Smooth coat,"Needs 60?90 minutes of daily activity, including walks and play, with training to keep the mind active.","High grooming needs with thick, wavy coat requiring brushing 2-3 times weekly and professional trimming",Soviet-engineered perfection - they'll learn systematically and execute commands with military precision.,Russia,Working,purebred,,true,2025-11-21 06:04:45.490878+00,2026-02-20 23:08:38.89079+00,3,3,0,28,,,
f564162f-118b-4b3c-9b0d-37c4ee2aa4e8,Soft Coated Wheaten Terrier,soft-coated-wheaten-terrier,"Meet Ireland's bounciest export?a golden teddy bear who greets everyone like they're the highlight of their entire existence. The Soft Coated Wheaten Terrier springs into life with the famous """"Wheaten greeting,"""" a joyful jumping dance that could power small appliances. Their silky, wheat-colored coat gives them a permanently tousled look, like they just rolled out of a very glamorous bed. Originally farm dogs who did everything from herding to guarding, they're versatile characters with moderate energy and maximum enthusiasm. Less aggressive than most terriers but equally determined, they'll charm their way into your heart and onto your furniture. Their coat doesn't shed much but requires regular grooming to prevent matting. Perfect for families wanting a medium-sized dog with Irish charm who treats every day like a celebration and every visitor like a long-lost friend.",Friendly and loyal companion,Medium,4,3,2,4,4,3,3,3,1,3,2,3,14,18,43,51,13,15,Silky coat,Regular exercise,"High grooming needs with soft, silky coat requiring daily brushing and professional grooming every 6-8 weeks",Irish sweethearts who learn enthusiastically and greet every training success with Celtic celebration bouncing.,Ireland,Terrier,purebred,,true,2025-11-21 06:05:07.14339+00,2026-01-17 02:12:21.301237+00,3,3,0,28,,,
f62f455e-8a91-4a34-919a-0599a9169ad7,Anatolian Shepherd Dog,anatolian-shepherd-dog,"Bred to stand watch over flocks in the unforgiving Turkish countryside, the Anatolian Shepherd Dog is power without waste. Big, yes. But not lumbering. These dogs move like they’ve done this job for a thousand years, because they have. Strength, stamina, and sharp judgment come standard.

Protection isn’t a trick they perform. It’s instinct. They don’t wait for instructions or look for applause. They assess, decide, and act. That independence can unsettle first-time owners who expect obedience on tap, but it’s exactly what made them legendary guardians. They think for themselves.

With their family, they’re steady and deeply loyal. Not clingy. Not needy. Just solid. With strangers, they’re reserved and watchful, the way a proper guardian should be. You earn their trust.
That independence is the key to understanding the breed. An Anatolian does not wait for constant direction. For centuries, they worked out in open country, sometimes kilometres from their handler, making judgment calls on their own. As a result, they are intelligent but not blindly obedient. Training is less about drilling commands and more about building mutual respect. They respond to calm, confident leadership. Heavy-handed methods will simply make them shut down or push back.

With their family, they are steady and deeply loyal. They bond hard, especially with the people they see as their responsibility. They are often gentle and composed around children in their own household, but this is still a powerful guardian breed. Supervision and early socialisation are non-negotiable. They do not automatically welcome strangers. In fact, they are naturally suspicious, which is exactly what you want in a livestock guardian but something you must manage in suburban life.

This is not a dog that thrives under micromanagement. It needs an experienced owner who understands that respect goes both ways. Give them space to do what they were bred to do, provide firm and fair leadership, and you’ll have a calm, formidable protector who takes its role seriously.","Alert, protective and independent. Natural guardian with exceptional judgment and loyalty.",Giant,4,3,2,3,4,4,2,2,3,3,4,3,71,81,66,81,11,13,"Double coat, weather-resistant",Requires substantial daily exercise and secure space to patrol. Thrives with a job to do.,"Moderate grooming needs. Double coat requires weekly brushing, increasing to daily during seasonal shedding.","Independent decision-makers requiring consistent, respectful training. Early socialisation essential.",Turkey,Working,purebred,,true,2025-11-21 06:04:40.384762+00,2026-02-20 23:08:38.89079+00,2,4,0,28,,,
f67d67b4-a4ff-4c02-985d-f70ce4e2567d,Vizsla,vizsla,"The Vizsla is Hungarys gift to anyone who wants an athlete wrapped in rust-gold elegance and glued permanently to their side. Nicknamed the Velcro dog for good reason, this breed is as devoted as it is energetic, shadowing its people from room to room with a loyalty that borders on obsession.

Bred centuries ago as versatile hunting dogs, Vizslas were designed to do it all: point, retrieve, and keep pace with riders across open fields. That heritage shows today in their stamina, speed, and sharp instincts. But for all their athletic drive, Vizslas balance it with a surprising sensitivity, responding as much to tone and mood as to training cues.

In the family setting, theyre affectionate, gentle, and endlessly eager to please. They adore children and thrive in households where they can be true companions rather than outdoor ornaments. Leave them alone too long, however, and their legendary need for human contact turns into restlessnessand sometimes a bit of chaos.

Vizslas excel in modern dog sports, from agility to obedience to canicross, where their athleticism and willingness to work shine. Daily exercise is non-negotiable, and so is emotional connection: this is a breed that needs both a running partner and a best friend rolled into one.

For the right family, the Vizsla delivers the rare combination of sporting prowess and soulful devotion. Theyre not just dogs; theyre living, breathing proof that loyalty can run on four legs.","Gentle, affectionate sporting dog with strong bonds to family",Large,5,3,1,3,2,3,3,3,2,5,4,3,18,30,53,64,12,14,Short coat,"A very active dog, in need of a very active human or human family to stay happy. At least an hour a day.","Low grooming needs with short, smooth coat requiring weekly brushing","Highly trainable and eager to please, excelling in positive reinforcement training",Hungary,Sporting,purebred,https://cowzzajbwtqfmrocefaw.supabase.co/storage/v1/object/public/dog-breed-images/vizsla/vizsla-2.jpg,true,2025-11-21 06:04:40.900436+00,2026-02-20 23:08:38.89079+00,4,3,5,30,,,
f7c5bda2-9cdc-4677-aa70-7fcd80941580,Pomapoo,pomapoo,"Imagine if a teddy bear learned to curl its hair and developed the personality of a caffeinated social butterfly ? that's your Pomapoo. This designer delightful combines Pomeranian sassiness with Poodle intelligence, creating pocket-sized professors who can learn tricks faster than you can say """"sit"""" but will judge your teaching methods. Their curly coats range from """"adorable bedhead"""" to """"ready for the dog show,"""" depending on grooming luck and their mood that day. They inherited the Pom's conviction that they're actually large dogs and the Poodle's problem-solving skills, making them tiny Einsteins with Napoleon complexes. Expect a velcro dog who'll follow you from room to room offering commentary on your life choices. Perfect for apartment dwellers who want a brainy companion that doubles as a conversation starter and occasional footwarmer.",Friendly and loyal companion,Small,2,3,2,4,4,4,3,3,1,3,3,3,2,5,20,28,12,15,Smooth coat,Regular exercise,High grooming needs with fluffy to curly coat requiring brushing every 2-3 days and professional grooming,Designer fluff combining Pom attitude with Poodle smarts - training requires diplomacy and treats.,Mixed,Designer,designer,,true,2025-11-21 06:04:59.251333+00,2026-01-17 02:12:21.301237+00,3,3,0,28,Pomeranian,Poodle (Toy),F1
f8b8c368-c942-46b6-a3dc-a21a2fb80a63,Cirneco dell'Etna,cirneco-dell-etna,"This sleek Sicilian sighthound looks like a smaller, more refined pharaoh hound who studied art history in Florence. Built for hunting rabbits on volcanic slopes, these elegant athletes can leap like gazelles and move with the fluid grace of dancers. Their large ears act like satellite dishes, picking up sounds from neighboring countries, while their amber eyes hold ancient wisdom and just a hint of mischief. Despite their refined appearance, they're surprisingly hardy and adaptable, though they definitely prefer sunbathing to snow angels. These independent thinkers need owners who appreciate their cat-like aloofness balanced with bursts of playful energy. They're perfect for active families who want a dog that looks like living art but can keep up on mountain hikes.",Friendly and loyal companion,Medium,4,3,3,2,3,4,3,3,1,3,3,3,8,12,42,50,12,14,Double coat,Regular exercise,"Low grooming needs with short, fine coat requiring weekly brushing","Ancient Sicilian hunters who'll learn but always with that Mediterranean """"la dolce vita"""" pace.",Italy,Hound,purebred,,true,2025-11-21 06:05:01.073481+00,2026-02-20 23:08:38.89079+00,2,4,0,28,,,
f8bed38c-6c8f-4dc1-8e09-a4abd7f4c553,Sussex Spaniel,sussex-spaniel,"Meet the golden teddy bear who moves like they're underwater and thinks rushing is highly overrated. Sussex Spaniels waddle through life with a rolling gait that's part penguin, part determined steam engine. These rare English hunting dogs sport rich golden coats and perpetually worried expressions, as if they're constantly calculating whether that stick is worth the effort. Built low and sturdy, they're surprisingly athletic despite looking like they should be carrying picnic baskets in children's books. Their melodious voices announce everything from visitors to interesting smells with operatic enthusiasm. Gentle souls who form deep bonds with their humans, they're content with moderate exercise and long naps in sunny spots. Less driven than other spaniels but equally sweet, they're perfect for families wanting a calm, affectionate companion who treats life like a pleasant stroll rather than a race.",Friendly and loyal companion,Medium,3,3,3,3,2,3,3,3,1,5,3,3,16,20,33,38,11,15,Curly coat,Regular exercise,"Moderate grooming needs with flat, silky coat requiring brushing 2-3 times weekly",Golden English spaniels who learn steadily but with enough countryside practicality to question urban training methods.,United Kingdom,Sporting,purebred,,true,2025-11-21 06:04:43.118693+00,2026-01-17 02:12:21.301237+00,3,3,0,28,,,